Date/Time,Max Temp (°C),Min Temp (°C),Mean Temp (°C),Total Precip (mm),Spd of Max Gust (km/h)
2014-01-01,-15.2,-23.9,-19.6,0.0,31.0
2014-01-02,-22.3,-27.4,-24.9,0.0,37.0
2014-01-03,-19.0,-23.6,-21.3,1.0,31.0
2014-01-04,-6.6,-21.3,-14.0,0.0,31.0
2014-01-05,0.2,-10.6,-5.2,8.0,31.0
2014-01-06,7.3,-11.0,-1.9,15.4,44.0
2014-01-07,-11.0,-16.8,-13.9,0.0,43.0
2014-01-08,-8.6,-14.4,-11.5,0.0,32.0
2014-01-09,-7.5,-11.3,-9.4,0.0,31.0
2014-01-10,-3.1,-10.8,-7.0,0.0,31.0
2014-01-11,9.1,-5.0,2.1,12.4,32.0
2014-01-12,5.1,0.9,3.0,0.0,37.0
2014-01-13,5.6,0.1,2.9,0.0,31.0
2014-01-14,5.3,0.3,2.8,5.0,31.0
2014-01-15,2.4,-2.5,-0.1,0.0,31.0
2014-01-16,0.7,-2.9,-1.1,0.0,31.0
2014-01-17,0.9,-3.8,-1.5,0.0,31.0
2014-01-18,2.7,-4.0,-0.7,1.0,31.0
2014-01-19,-2.1,-6.1,-4.1,1.0,33.0
2014-01-20,-6.1,-20.7,-13.4,1.2,31.0
2014-01-21,-18.8,-23.2,-21.0,0.0,31.0
2014-01-22,-16.4,-22.7,-19.6,0.0,31.0
2014-01-23,-16.8,-22.1,-19.5,0.0,32.0
2014-01-24,-9.6,-23.2,-16.4,0.0,31.0
2014-01-25,-5.5,-14.0,-9.8,2.2,32.0
2014-01-26,-14.0,-21.4,-17.7,0.0,32.0
2014-01-27,-6.4,-16.8,-11.6,5.4,37.0
2014-01-28,-10.0,-19.3,-14.7,0.0,41.0
2014-01-29,-9.4,-14.0,-11.7,0.0,35.0
2014-01-30,-4.4,-11.4,-7.9,0.0,31.0
2014-01-31,1.4,-4.8,-1.7,1.0,32.0
2014-02-01,0.4,-7.9,-3.8,11.6,31.0
2014-02-02,0.6,-6.4,-2.9,4.2,31.0
2014-02-03,-6.1,-12.4,-9.3,0.0,31.0
2014-02-04,-5.7,-10.8,-8.3,0.0,31.0
2014-02-05,-6.7,-14.2,-10.5,2.4,32.0
2014-02-06,-8.7,-17.8,-13.3,0.0,31.0
2014-02-07,-7.3,-11.2,-9.3,1.0,37.0
2014-02-08,-6.1,-11.8,-9.0,0.0,31.0
2014-02-09,-7.1,-11.2,-9.2,1.2,31.0
2014-02-10,-6.0,-12.7,-9.4,0.0,31.0
2014-02-11,-10.8,-16.4,-13.6,0.0,31.0
2014-02-12,-9.3,-18.9,-14.1,0.0,31.0
2014-02-13,-6.0,-14.7,-10.4,2.6,39.0
2014-02-14,-3.0,-6.2,-4.6,8.6,48.0
2014-02-15,-4.7,-8.9,-6.8,0.0,31.0
2014-02-16,-8.8,-14.7,-11.8,0.0,31.0
2014-02-17,-9.9,-16.1,-13.0,0.0,31.0
2014-02-18,-3.4,-15.4,-9.4,3.0,31.0
2014-02-19,1.6,-5.0,-1.7,0.0,31.0
2014-02-20,3.1,-2.6,0.3,0.0,31.0
2014-02-21,4.3,-0.5,1.9,21.0,31.0
2014-02-22,6.7,-1.0,2.9,0.0,43.0
2014-02-23,1.8,-4.3,-1.3,0.0,35.0
2014-02-24,-4.3,-10.5,-7.4,0.0,32.0
2014-02-25,-8.8,-13.0,-10.9,0.0,31.0
2014-02-26,-9.3,-14.3,-11.8,1.2,43.0
2014-02-27,-6.8,-14.5,-10.7,0.0,32.0
2014-02-28,-12.1,-17.9,-15.0,0.0,33.0
2014-03-01,-2.6,-14.2,-8.4,1.3,31.0
2014-03-02,-5.1,-14.4,-9.8,1.1,31.0
2014-03-03,-12.0,-16.9,-14.5,0.0,31.0
2014-03-04,-10.6,-17.5,-14.1,1.1,31.0
2014-03-05,-9.3,-15.3,-12.3,0.0,31.0
2014-03-06,-8.0,-16.5,-12.3,0.0,31.0
2014-03-07,0.7,-12.5,-5.9,1.0,31.0
2014-03-08,2.7,-5.9,-1.6,1.0,31.0
2014-03-09,-3.9,-10.0,-7.0,3.0,31.0
2014-03-10,0.7,-5.4,-2.4,4.0,31.0
2014-03-11,5.2,0.2,2.7,0.0,31.0
2014-03-12,1.7,-11.9,-5.1,15.4,31.0
2014-03-13,-5.8,-15.0,-10.4,2.2,31.0
2014-03-14,-1.0,-16.7,-7.3,0.0,31.0
2014-03-15,5.6,-5.8,-0.1,1.0,50.0
2014-03-16,-9.5,-14.3,-11.9,0.0,31.0
2014-03-17,-6.8,-16.2,-11.8,0.0,31.0
2014-03-18,-3.1,-12.2,-7.7,0.0,31.0
2014-03-19,3.2,-8.3,-2.6,3.0,39.0
2014-03-20,3.2,-0.2,1.5,4.0,32.0
2014-03-21,3.0,-2.9,0.1,1.2,31.0
2014-03-22,0.4,-3.9,-1.8,11.4,32.0
2014-03-23,0.1,-12.8,-6.4,0.0,33.0
2014-03-24,-4.7,-14.6,-9.7,0.0,31.0
2014-03-25,-1.2,-9.9,-5.6,0.0,32.0
2014-03-26,-1.3,-9.4,-5.4,0.0,33.0
2014-03-27,-1.3,-11.2,-6.3,0.0,31.0
2014-03-28,4.9,-1.6,1.7,15.2,31.0
2014-03-29,3.8,0.2,2.0,0.0,37.0
2014-03-30,0.3,-1.8,-0.8,10.3,54.0
2014-03-31,6.2,-1.4,2.4,1.1,31.0
2014-04-01,4.8,-2.6,1.1,0.0,31.0
2014-04-02,5.7,0.5,3.1,0.0,33.0
2014-04-03,3.8,-1.5,1.2,0.0,31.0
2014-04-04,7.4,-3.5,2.0,15.5,32.0
2014-04-05,5.3,0.6,3.0,1.1,39.0
2014-04-06,6.7,-0.9,2.9,0.0,31.0
2014-04-07,13.2,2.0,7.6,5.4,31.0
2014-04-08,7.7,3.1,5.4,22.8,31.0
2014-04-09,4.7,0.6,2.7,1.0,35.0
2014-04-10,16.6,0.4,8.5,3.8,37.0
2014-04-11,11.7,4.6,8.2,0.0,33.0
2014-04-12,13.9,4.4,9.2,0.0,31.0
2014-04-13,10.3,2.3,6.3,5.6,35.0
2014-04-14,24.2,2.0,13.1,9.6,31.0
2014-04-15,16.3,-5.0,5.7,13.6,33.0
2014-04-16,0.5,-7.5,-3.5,0.0,33.0
2014-04-17,7.5,-2.3,2.6,0.0,31.0
2014-04-18,10.3,2.2,6.3,0.0,31.0
2014-04-19,10.7,3.7,7.2,1.0,35.0
2014-04-20,13.3,1.0,7.2,0.0,31.0
2014-04-21,19.2,9.4,14.3,0.0,31.0
2014-04-22,12.2,6.8,9.5,11.0,31.0
2014-04-23,10.7,3.8,7.3,1.0,41.0
2014-04-24,12.6,1.9,7.3,0.0,41.0
2014-04-25,11.6,2.3,7.0,0.0,31.0
2014-04-26,8.8,2.4,5.6,13.6,31.0
2014-04-27,9.5,2.0,5.8,1.4,31.0
2014-04-28,10.9,4.7,7.8,0.0,35.0
2014-04-29,16.1,5.8,11.0,1.1,31.0
2014-04-30,10.7,5.4,8.1,33.8,31.0
2014-05-01,16.6,6.2,11.4,9.2,31.0
2014-05-02,13.0,8.9,11.0,0.0,39.0
2014-05-03,17.0,9.0,13.0,1.4,31.0
2014-05-04,11.1,7.2,9.2,21.1,31.0
2014-05-05,13.0,6.8,9.9,1.1,32.0
2014-05-06,14.5,5.4,10.0,0.0,31.0
2014-05-07,15.7,4.9,10.3,0.0,31.0
2014-05-08,16.2,7.3,11.8,0.0,31.0
2014-05-09,20.4,9.0,14.7,3.6,31.0
2014-05-10,23.3,13.3,18.3,5.4,43.0
2014-05-11,20.5,11.6,16.1,0.0,39.0
2014-05-12,21.9,9.4,15.7,0.0,31.0
2014-05-13,18.5,7.5,13.0,0.0,31.0
2014-05-14,25.2,14.2,19.7,0.0,31.0
2014-05-15,26.9,17.7,22.3,0.0,41.0
2014-05-16,22.0,10.6,16.3,30.1,31.0
2014-05-17,14.9,8.9,11.9,15.1,31.0
2014-05-18,16.5,7.4,12.0,0.0,31.0
2014-05-19,20.5,10.0,15.3,0.0,32.0
2014-05-20,22.7,10.3,16.5,0.0,31.0
2014-05-21,23.2,12.3,17.8,0.0,31.0
2014-05-22,18.9,12.7,15.8,4.4,31.0
2014-05-23,20.4,11.4,15.9,0.0,31.0
2014-05-24,21.6,11.7,16.7,0.0,31.0
2014-05-25,24.8,12.6,18.7,2.2,31.0
2014-05-26,25.9,16.7,21.3,3.6,31.0
2014-05-27,17.4,7.9,12.7,8.6,33.0
2014-05-28,16.1,9.7,12.9,1.0,32.0
2014-05-29,20.5,9.1,13.3,0.0,31.0
2014-05-30,22.6,12.0,17.3,2.0,43.0
2014-05-31,20.2,9.1,14.7,0.0,32.0
2014-06-01,25.2,9.7,17.5,0.0,32.0
2014-06-02,30.4,15.7,23.1,0.0,37.0
2014-06-03,28.1,19.1,23.6,22.0,65.0
2014-06-04,21.3,14.0,17.7,0.2,43.0
2014-06-05,17.0,13.4,15.2,0.6,31.0
2014-06-06,23.0,12.9,18.0,0.0,44.0
2014-06-07,27.5,13.3,20.4,0.0,35.0
2014-06-08,28.0,14.6,21.3,0.0,31.0
2014-06-09,27.9,19.2,23.6,0.0,35.0
2014-06-10,24.6,15.8,20.2,0.4,39.0
2014-06-11,24.1,13.1,18.6,10.4,48.0
2014-06-12,17.9,12.9,15.4,26.2,50.0
2014-06-13,19.9,16.8,18.4,41.4,48.0
2014-06-14,19.8,14.6,17.2,1.4,46.0
2014-06-15,23.6,13.6,18.6,0.0,46.0
2014-06-16,24.8,11.4,18.1,0.0,31.0
2014-06-17,27.2,14.0,20.6,23.4,50.0
2014-06-18,25.7,16.6,21.2,2.0,46.0
2014-06-19,24.6,14.6,19.6,0.0,43.0
2014-06-20,21.7,12.1,16.9,0.0,43.0
2014-06-21,22.1,10.4,16.3,0.0,32.0
2014-06-22,23.8,11.5,17.7,0.0,31.0
2014-06-23,26.8,13.4,20.1,0.0,31.0
2014-06-24,21.9,19.2,20.6,40.0,32.0
2014-06-25,24.0,18.3,21.2,0.2,31.0
2014-06-26,26.6,17.4,22.0,0.0,31.0
2014-06-27,29.7,17.7,23.7,0.0,31.0
2014-06-28,29.9,18.1,24.0,0.0,31.0
2014-06-29,31.0,19.6,25.3,0.0,31.0
2014-06-30,29.9,23.3,26.6,0.0,31.0
2014-07-01,32.8,22.9,27.9,0.0,31.0
2014-07-02,29.8,22.7,26.3,0.0,35.0
2014-07-03,24.5,19.5,22.0,0.6,31.0
2014-07-04,23.6,16.7,20.2,3.2,31.0
2014-07-05,27.8,15.8,21.8,0.0,32.0
2014-07-06,27.4,19.2,23.3,0.0,37.0
2014-07-07,23.4,20.4,21.5,10.0,37.0
2014-07-08,30.6,19.0,24.8,7.0,31.0
2014-07-09,23.5,18.9,20.6,0.0,31.0
2014-07-10,23.2,15.3,19.3,0.0,31.0
2014-07-11,26.2,15.6,20.9,0.0,31.0
2014-07-12,28.6,17.5,23.1,0.0,31.0
2014-07-13,23.8,19.4,21.6,11.0,31.0
2014-07-14,24.2,18.0,21.1,0.0,31.0
2014-07-15,22.0,18.2,20.1,2.8,31.0
2014-07-16,24.8,18.1,21.5,0.0,33.0
2014-07-17,23.3,14.9,19.1,0.2,31.0
2014-07-18,26.6,15.3,21.0,0.0,31.0
2014-07-19,28.4,16.3,22.4,0.0,31.0
2014-07-20,29.0,20.0,24.5,0.0,31.0
2014-07-21,30.3,20.6,25.5,0.0,31.0
2014-07-22,29.7,21.3,25.5,0.0,31.0
2014-07-23,27.3,18.0,22.7,11.4,33.0
2014-07-24,23.4,14.9,19.2,0.0,31.0
2014-07-25,25.3,16.1,20.7,0.0,32.0
2014-07-26,26.0,17.4,21.7,2.0,35.0
2014-07-27,25.2,18.1,21.7,13.6,31.0
2014-07-28,18.5,15.2,16.9,13.2,31.0
2014-07-29,21.7,12.7,17.2,0.2,31.0
2014-07-30,23.7,14.3,19.0,1.4,31.0
2014-07-31,23.1,14.6,18.9,14.4,37.0
2014-08-01,26.6,15.6,21.1,0.0,31.0
2014-08-02,28.9,17.6,23.3,0.0,31.0
2014-08-03,28.3,18.1,23.2,0.0,31.0
2014-08-04,28.3,18.8,23.6,0.6,31.0
2014-08-05,26.2,18.2,22.2,1.4,31.0
2014-08-06,26.3,17.3,21.8,0.6,31.0
2014-08-07,24.0,16.5,20.3,1.0,31.0
2014-08-08,27.3,18.2,22.8,0.0,31.0
2014-08-09,29.3,19.2,24.3,0.0,31.0
2014-08-10,29.6,18.9,24.3,0.0,31.0
2014-08-11,30.7,20.1,25.4,0.0,31.0
2014-08-12,29.1,19.1,24.1,7.6,32.0
2014-08-13,20.7,16.2,18.5,55.4,31.0
2014-08-14,18.0,12.3,15.2,2.2,35.0
2014-08-15,17.0,12.2,14.6,2.8,31.0
2014-08-16,18.4,14.1,16.3,18.8,31.0
2014-08-17,22.6,14.6,18.6,0.4,31.0
2014-08-18,22.4,12.6,17.5,0.0,31.0
2014-08-19,24.2,13.6,18.9,0.0,31.0
2014-08-20,27.8,15.5,21.7,0.0,31.0
2014-08-21,23.6,18.6,21.1,0.0,31.0
2014-08-22,23.8,17.5,20.7,0.0,31.0
2014-08-23,26.7,16.6,21.7,0.0,31.0
2014-08-24,29.5,17.9,23.7,0.0,31.0
2014-08-25,29.7,20.9,25.3,0.0,31.0
2014-08-26,29.1,20.1,24.6,0.0,31.0
2014-08-27,26.4,19.0,22.7,0.2,31.0
2014-08-28,21.1,15.7,18.4,0.0,31.0
2014-08-29,23.4,14.0,18.7,0.0,31.0
2014-08-30,26.6,17.3,22.0,0.2,31.0
2014-08-31,25.5,19.6,22.6,10.6,31.0
2014-09-01,27.0,19.8,23.4,0.0,31.0
2014-09-02,28.7,18.7,23.7,4.6,33.0
2014-09-03,25.8,18.6,22.2,0.2,31.0
2014-09-04,28.1,18.2,23.2,0.0,31.0
2014-09-05,31.1,20.6,25.9,3.6,35.0
2014-09-06,24.1,13.9,19.0,11.2,31.0
2014-09-07,22.2,12.9,17.6,0.0,31.0
2014-09-08,25.2,14.1,19.7,0.0,31.0
2014-09-09,23.1,16.1,18.7,0.0,41.0
2014-09-10,25.0,14.6,19.7,0.0,31.0
2014-09-11,23.6,10.5,17.1,7.0,39.0
2014-09-12,14.9,8.5,11.7,0.0,31.0
2014-09-13,12.2,7.7,10.0,17.6,31.0
2014-09-14,11.1,6.9,9.0,0.0,31.0
2014-09-15,18.2,6.6,12.4,0.0,31.0
2014-09-16,19.0,11.3,15.2,0.8,32.0
2014-09-17,16.8,9.6,13.2,1.4,31.0
2014-09-18,13.7,5.0,9.4,0.0,31.0
2014-09-19,13.7,3.8,8.8,0.0,31.0
2014-09-20,19.8,9.9,14.9,0.0,31.0
2014-09-21,22.7,14.9,18.8,2.0,31.0
2014-09-22,14.9,8.3,11.6,0.0,35.0
2014-09-23,17.2,8.0,12.6,0.8,31.0
2014-09-24,22.3,9.6,16.0,0.0,31.0
2014-09-25,23.7,12.5,18.1,0.0,31.0
2014-09-26,25.9,14.8,20.4,0.0,31.0
2014-09-27,26.7,17.4,22.1,0.0,31.0
2014-09-28,25.5,17.1,21.3,0.0,32.0
2014-09-29,18.6,9.0,13.8,0.0,31.0
2014-09-30,17.4,8.8,13.1,0.0,31.0
2014-10-01,17.5,11.1,14.3,0.0,31.0
2014-10-02,21.0,9.5,15.3,0.0,31.0
2014-10-03,24.1,9.9,17.0,0.0,31.0
2014-10-04,16.1,10.3,13.2,28.6,31.0
2014-10-05,13.8,8.3,11.1,0.2,31.0
2014-10-06,16.8,8.7,12.8,0.0,33.0
2014-10-07,19.3,12.6,16.0,5.6,32.0
2014-10-08,17.7,9.1,13.4,31.4,33.0
2014-10-09,11.9,5.9,8.9,0.8,39.0
2014-10-10,12.5,5.8,9.2,0.0,31.0
2014-10-11,13.5,5.2,9.4,0.0,31.0
2014-10-12,13.9,5.3,9.6,0.0,31.0
2014-10-13,17.7,6.5,12.1,0.0,31.0
2014-10-14,24.2,14.1,19.2,0.0,31.0
2014-10-15,23.5,18.0,20.8,3.8,31.0
2014-10-16,21.3,14.6,18.0,8.6,31.0
2014-10-17,18.5,14.9,16.7,0.4,35.0
2014-10-18,17.0,6.2,11.6,1.8,31.0
2014-10-19,7.9,3.8,5.9,0.0,31.0
2014-10-20,7.1,2.2,4.7,1.2,31.0
2014-10-21,7.6,5.7,6.7,3.2,31.0
2014-10-22,12.3,6.8,9.6,0.0,31.0
2014-10-23,8.5,6.9,7.7,7.6,32.0
2014-10-24,12.5,7.5,10.0,0.6,31.0
2014-10-25,13.5,7.0,10.3,5.2,33.0
2014-10-26,11.1,7.4,9.3,0.0,31.0
2014-10-27,12.2,5.9,9.1,0.0,35.0
2014-10-28,15.4,7.3,11.4,4.0,31.0
2014-10-29,15.2,9.2,12.2,0.2,41.0
2014-10-30,9.2,3.6,6.4,0.0,31.0
2014-10-31,8.3,3.5,5.9,0.0,31.0
2014-11-01,6.6,2.6,4.6,0.0,37.0
2014-11-02,7.7,0.7,4.2,0.0,32.0
2014-11-03,7.5,-0.8,3.4,0.0,32.0
2014-11-04,12.6,5.9,9.3,3.2,31.0
2014-11-05,12.2,7.2,9.7,4.0,39.0
2014-11-06,8.5,3.5,6.0,3.0,31.0
2014-11-07,4.5,0.1,2.3,1.8,31.0
2014-11-08,4.7,-1.4,1.7,0.2,31.0
2014-11-09,6.1,2.6,4.4,0.0,41.0
2014-11-10,7.0,4.3,5.7,0.0,31.0
2014-11-11,13.4,2.3,7.9,0.0,31.0
2014-11-12,8.5,2.4,5.5,3.8,48.0
2014-11-13,5.1,0.5,2.8,0.0,33.0
2014-11-14,2.6,-3.4,-0.4,0.0,32.0
2014-11-15,1.9,-4.1,-1.1,0.0,35.0
2014-11-16,3.5,-1.1,1.2,1.2,31.0
2014-11-17,1.8,0.1,1.0,12.6,33.0
2014-11-18,1.9,-4.5,-1.3,2.0,46.0
2014-11-19,-2.0,-6.9,-4.5,0.6,31.0
2014-11-20,0.3,-4.7,-2.2,0.4,33.0
2014-11-21,-3.8,-6.6,-5.2,0.0,33.0
2014-11-22,3.5,-5.6,-1.1,3.8,46.0
2014-11-23,7.9,3.4,5.7,0.0,31.0
2014-11-24,17.3,6.7,12.0,17.4,65.0
2014-11-25,9.2,2.4,5.8,0.0,56.0
2014-11-26,2.6,-0.4,1.1,0.0,31.0
2014-11-27,0.1,-3.1,-1.5,0.0,31.0
2014-11-28,-2.0,-8.3,-5.2,0.4,33.0
2014-11-29,-0.4,-7.8,-4.1,0.0,31.0
2014-11-30,6.6,-0.5,3.1,0.6,31.0
2014-12-01,7.0,-8.1,-0.6,0.2,31.0
2014-12-02,-3.3,-14.3,-8.8,5.6,31.0
2014-12-03,3.9,-3.3,0.3,6.0,31.0
2014-12-04,0.2,-10.0,-4.9,0.0,35.0
2014-12-05,-3.1,-11.4,-7.3,2.2,31.0
2014-12-06,0.6,-4.4,-1.9,0.6,31.0
2014-12-07,-3.9,-12.2,-8.1,0.0,31.0
2014-12-08,-2.3,-13.1,-7.7,0.0,31.0
2014-12-09,-0.1,-3.5,-1.8,6.8,31.0
2014-12-10,-0.1,-0.9,-0.5,20.0,41.0
2014-12-11,0.6,-2.9,-1.2,5.0,32.0
2014-12-12,-1.4,-3.9,-2.7,2.0,37.0
2014-12-13,-0.9,-4.5,-2.7,0.0,43.0
2014-12-14,-1.0,-3.6,-2.3,0.0,31.0
2014-12-15,0.1,-1.7,-0.8,0.0,31.0
2014-12-16,1.2,-1.5,-0.2,0.0,31.0
2014-12-17,0.9,0.0,0.5,2.2,31.0
2014-12-18,0.9,-2.0,-0.6,2.0,31.0
2014-12-19,-1.8,-7.7,-4.8,0.0,37.0
2014-12-20,-7.0,-11.5,-9.3,0.0,31.0
2014-12-21,-7.3,-9.7,-8.5,0.2,31.0
2014-12-22,-5.2,-8.1,-6.7,0.0,31.0
2014-12-23,3.4,-5.4,-1.0,5.6,31.0
2014-12-24,6.9,3.0,5.0,32.0,31.0
2014-12-25,8.9,3.9,6.4,1.0,56.0
2014-12-26,4.5,3.0,3.8,0.0,32.0
2014-12-27,6.2,2.6,4.4,0.2,31.0
2014-12-28,9.0,-0.9,4.1,0.8,31.0
2014-12-29,-0.5,-10.8,-5.7,0.0,32.0
2014-12-30,-10.3,-14.2,-12.3,0.0,32.0
2014-12-31,-6.5,-14.0,-10.3,0.0,41.0
2015-01-01,-3.1,-7.6,-5.4,1.8,41.0
2015-01-02,-3.4,-13.1,-8.3,0.0,31.0
2015-01-03,-8.0,-15.0,-11.5,17.0,31.0
2015-01-04,3.3,-8.1,-2.4,27.2,37.0
2015-01-05,-4.8,-17.5,-11.2,0.0,44.0
2015-01-06,-8.6,-18.0,-13.9,2.2,32.0
2015-01-07,-9.0,-26.4,-17.7,3.8,31.0
2015-01-08,-7.9,-26.7,-17.3,2.2,31.0
2015-01-09,-6.0,-13.0,-9.5,2.6,32.0
2015-01-10,-8.5,-13.1,-10.8,0.4,35.0
2015-01-11,-3.9,-10.4,-7.2,0.0,31.0
2015-01-12,-1.3,-16.9,-9.1,4.2,31.0
2015-01-13,-15.2,-20.6,-17.9,0.0,31.0
2015-01-14,-12.5,-20.0,-16.3,0.0,31.0
2015-01-15,-5.0,-17.5,-11.3,0.8,31.0
2015-01-16,-2.3,-19.8,-11.1,1.4,32.0
2015-01-17,-12.3,-23.8,-18.1,0.0,31.0
2015-01-18,3.2,-12.9,-4.9,5.0,31.0
2015-01-19,2.0,-13.1,-5.6,1.0,33.0
2015-01-20,-13.1,-17.8,-15.5,0.0,35.0
2015-01-21,-9.0,-17.4,-13.2,0.0,31.0
2015-01-22,-7.4,-15.2,-11.3,0.0,31.0
2015-01-23,-0.1,-9.8,-5.0,0.0,41.0
2015-01-24,-0.4,-3.0,-1.7,0.4,31.0
2015-01-25,-1.5,-16.5,-9.0,0.0,31.0
2015-01-26,-14.2,-19.6,-16.9,0.0,32.0
2015-01-27,-9.4,-15.2,-12.3,0.0,37.0
2015-01-28,-8.0,-13.4,-10.7,0.0,41.0
2015-01-29,-0.8,-13.7,-7.3,3.4,35.0
2015-01-30,-2.1,-17.2,-9.7,4.8,31.0
2015-01-31,-14.0,-22.3,-18.2,0.0,35.0
2015-02-01,-12.9,-20.1,-16.5,0.0,31.0
2015-02-02,-16.7,-22.7,-19.7,6.8,32.0
2015-02-03,-7.1,-21.7,-14.4,0.6,31.0
2015-02-04,-3.6,-7.9,-5.8,6.4,31.0
2015-02-05,-6.7,-19.8,-13.3,0.2,31.0
2015-02-06,-9.4,-23.9,-16.7,2.4,31.0
2015-02-07,-11.7,-15.5,-13.6,0.2,31.0
2015-02-08,-13.9,-18.4,-16.2,8.6,35.0
2015-02-09,-10.9,-15.7,-13.3,0.4,32.0
2015-02-10,-5.7,-11.5,-8.6,0.2,31.0
2015-02-11,-10.8,-16.6,-13.7,2.2,31.0
2015-02-12,-7.4,-16.9,-12.2,5.0,31.0
2015-02-13,-16.9,-23.4,-20.2,0.0,43.0
2015-02-14,-13.5,-20.2,-16.9,1.2,31.0
2015-02-15,-14.1,-21.7,-17.9,0.0,31.0
2015-02-16,-15.7,-23.1,-19.4,0.0,41.0
2015-02-17,-12.5,-22.7,-17.6,0.0,31.0
2015-02-18,-7.2,-19.7,-13.5,0.2,31.0
2015-02-19,-7.0,-18.4,-12.7,6.0,44.0
2015-02-20,-14.4,-19.5,-17.0,1.6,46.0
2015-02-21,-7.2,-15.7,-11.5,4.0,31.0
2015-02-22,-3.4,-10.0,-6.7,1.2,31.0
2015-02-23,-9.9,-20.6,-15.3,0.0,39.0
2015-02-24,-8.7,-21.6,-15.2,0.0,32.0
2015-02-25,-4.6,-17.4,-11.0,0.6,37.0
2015-02-26,-11.7,-19.4,-15.6,0.0,31.0
2015-02-27,-9.2,-18.4,-13.8,0.0,33.0
2015-02-28,-5.4,-15.0,-10.2,0.0,41.0
2015-03-01,-2.6,-13.2,-7.9,0.2,31.0
2015-03-02,-2.6,-11.0,-6.8,1.0,39.0
2015-03-03,-3.7,-14.9,-9.3,6.0,31.0
2015-03-04,2.4,-5.1,-1.4,0.0,48.0
2015-03-05,-5.0,-14.9,-10.0,0.4,31.0
2015-03-06,-6.4,-17.6,-12.0,0.0,44.0
2015-03-07,-1.9,-9.3,-5.6,0.4,31.0
2015-03-08,-0.5,-5.2,-2.9,0.8,31.0
2015-03-09,2.9,-3.2,-0.2,1.8,33.0
2015-03-10,8.5,-2.5,3.0,0.0,31.0
2015-03-11,9.3,-0.8,4.3,0.0,39.0
2015-03-12,-0.5,-6.3,-3.4,0.0,35.0
2015-03-13,-0.7,-9.1,-4.9,0.0,31.0
2015-03-14,1.0,-3.2,-1.1,9.0,31.0
2015-03-15,0.1,-4.7,-2.3,2.0,31.0
2015-03-16,2.7,-5.9,-1.6,0.0,31.0
2015-03-17,1.9,-7.2,-2.7,1.8,37.0
2015-03-18,-4.9,-11.6,-8.3,0.0,33.0
2015-03-19,-1.5,-11.5,-6.5,0.0,32.0
2015-03-20,3.6,-6.4,-1.4,0.0,31.0
2015-03-21,1.8,-10.0,-4.1,7.4,32.0
2015-03-22,-8.0,-15.3,-11.7,0.0,31.0
2015-03-23,-5.9,-15.9,-10.9,0.0,32.0
2015-03-24,0.3,-10.8,-5.3,0.0,31.0
2015-03-25,7.8,-7.9,-0.1,0.6,31.0
2015-03-26,6.2,1.4,3.8,1.4,31.0
2015-03-27,3.2,-5.3,-1.1,3.4,31.0
2015-03-28,-0.8,-9.1,-5.0,0.0,31.0
2015-03-29,3.4,-6.9,-1.8,0.0,35.0
2015-03-30,3.9,-0.5,1.7,2.0,33.0
2015-03-31,2.4,-4.7,-1.2,0.0,31.0
2015-04-01,2.1,-5.5,-1.7,0.0,32.0
2015-04-02,10.9,-1.1,4.9,3.0,31.0
2015-04-03,13.0,4.5,8.8,6.4,37.0
2015-04-04,4.5,-4.8,-0.2,9.4,32.0
2015-04-05,1.2,-3.8,-1.3,0.0,31.0
2015-04-06,2.9,-3.7,-0.4,0.6,31.0
2015-04-07,5.8,-1.1,2.4,0.0,31.0
2015-04-08,6.1,-1.8,2.2,3.2,31.0
2015-04-09,7.5,0.5,4.0,6.6,33.0
2015-04-10,12.9,3.1,8.0,12.0,43.0
2015-04-11,8.7,2.3,5.5,0.0,41.0
2015-04-12,16.9,3.2,10.1,0.0,41.0
2015-04-13,22.0,5.4,13.7,5.2,48.0
2015-04-14,16.9,6.3,11.6,0.0,37.0
2015-04-15,14.1,6.1,10.1,0.0,31.0
2015-04-16,16.5,4.6,10.6,0.0,31.0
2015-04-17,19.4,8.6,14.0,0.0,39.0
2015-04-18,9.7,4.3,7.0,0.0,31.0
2015-04-19,12.1,2.2,7.2,0.0,31.0
2015-04-20,11.0,5.5,8.3,12.8,33.0
2015-04-21,12.8,6.5,9.7,16.2,35.0
2015-04-22,10.4,4.6,7.5,2.6,31.0
2015-04-23,6.2,1.8,4.0,2.2,41.0
2015-04-24,4.1,0.7,2.4,0.0,31.0
2015-04-25,11.0,0.9,6.0,0.0,31.0
2015-04-26,12.1,4.5,8.3,0.2,31.0
2015-04-27,14.0,5.6,9.8,1.0,31.0
2015-04-28,19.5,7.8,13.7,0.2,31.0
2015-04-29,16.7,7.8,12.3,0.0,31.0
2015-04-30,16.7,6.4,11.6,0.0,31.0
2015-05-01,19.7,8.1,13.9,0.0,31.0
2015-05-02,23.3,10.9,17.1,0.0,31.0
2015-05-03,25.1,13.4,19.3,0.0,31.0
2015-05-04,28.2,15.1,21.7,1.8,46.0
2015-05-05,20.5,10.5,15.5,0.2,32.0
2015-05-06,24.7,10.3,17.5,0.0,41.0
2015-05-07,27.3,14.3,20.8,0.0,31.0
2015-05-08,30.2,15.7,23.0,0.0,31.0
2015-05-09,27.7,18.2,23.0,5.0,31.0
2015-05-10,25.0,13.7,19.4,0.8,31.0
2015-05-11,14.0,8.0,11.0,20.2,31.0
2015-05-12,23.2,8.5,15.9,8.8,46.0
2015-05-13,17.6,7.1,12.4,0.2,31.0
2015-05-14,18.5,8.4,13.5,0.0,31.0
2015-05-15,21.7,10.5,16.1,0.0,33.0
2015-05-16,21.2,14.0,17.6,0.0,31.0
2015-05-17,24.8,15.8,20.3,0.0,31.0
2015-05-18,29.0,12.9,21.0,31.8,31.0
2015-05-19,27.2,12.7,20.0,0.0,37.0
2015-05-20,16.3,6.9,11.6,0.0,32.0
2015-05-21,19.8,9.2,14.5,0.0,35.0
2015-05-22,13.7,3.8,8.8,0.4,31.0
2015-05-23,16.7,2.8,9.8,0.0,39.0
2015-05-24,25.7,13.0,19.4,0.0,37.0
2015-05-25,20.7,15.7,18.2,25.2,37.0
2015-05-26,28.9,16.7,22.8,0.0,37.0
2015-05-27,28.2,21.1,24.7,0.0,41.0
2015-05-28,22.3,14.4,18.4,8.2,32.0
2015-05-29,25.5,12.5,19.0,0.0,31.0
2015-05-30,30.7,12.0,21.4,4.6,39.0
2015-05-31,14.4,8.3,11.4,1.4,31.0
2015-06-01,13.8,8.8,11.3,3.2,32.0
2015-06-02,13.5,7.7,10.6,4.0,31.0
2015-06-03,18.3,7.0,12.7,0.0,31.0
2015-06-04,25.3,9.7,17.5,0.0,31.0
2015-06-05,24.4,13.9,19.2,9.8,31.0
2015-06-06,20.9,9.8,15.4,0.2,31.0
2015-06-07,22.2,11.0,16.6,0.0,31.0
2015-06-08,22.1,14.3,18.2,28.8,31.0
2015-06-09,22.7,16.1,19.4,12.4,31.0
2015-06-10,24.7,16.0,20.4,3.2,31.0
2015-06-11,23.3,16.4,19.9,0.2,33.0
2015-06-12,21.5,15.3,18.4,10.2,31.0
2015-06-13,27.2,14.8,21.0,0.2,31.0
2015-06-14,24.0,15.5,19.8,0.0,31.0
2015-06-15,21.8,16.7,19.3,0.2,31.0
2015-06-16,22.8,15.0,18.9,40.6,31.0
2015-06-17,22.9,14.2,18.6,0.2,31.0
2015-06-18,27.3,15.5,21.4,4.0,31.0
2015-06-19,20.9,11.8,16.4,0.0,31.0
2015-06-20,25.2,12.1,18.7,0.0,31.0
2015-06-21,25.1,18.8,22.0,2.0,31.0
2015-06-22,26.9,17.3,22.1,0.8,31.0
2015-06-23,27.1,17.6,22.4,5.0,43.0
2015-06-24,24.3,14.1,19.2,0.6,33.0
2015-06-25,22.9,14.2,18.6,0.2,31.0
2015-06-26,25.0,14.8,19.9,0.0,31.0
2015-06-27,25.2,15.0,20.1,0.0,31.0
2015-06-28,20.0,12.6,16.3,16.8,32.0
2015-06-29,20.1,12.1,16.1,0.8,31.0
2015-06-30,25.8,14.9,20.4,5.0,31.0
2015-07-01,22.1,15.7,18.9,21.8,35.0
2015-07-02,23.1,13.5,18.3,0.0,33.0
2015-07-03,24.5,14.2,19.4,0.0,33.0
2015-07-04,25.4,15.7,20.6,0.0,31.0
2015-07-05,27.2,18.0,22.6,0.0,31.0
2015-07-06,29.4,19.4,24.4,0.0,31.0
2015-07-07,29.2,20.7,25.0,8.8,37.0
2015-07-08,24.0,16.0,20.0,1.2,31.0
2015-07-09,23.6,16.3,20.0,0.0,31.0
2015-07-10,29.1,17.2,23.2,0.0,31.0
2015-07-11,28.9,18.6,23.8,0.0,35.0
2015-07-12,30.6,20.7,25.7,0.0,31.0
2015-07-13,31.0,21.0,26.0,0.6,31.0
2015-07-14,28.4,15.7,22.1,0.0,31.0
2015-07-15,23.7,13.4,18.6,0.0,31.0
2015-07-16,23.4,12.9,16.9,0.0,31.0
2015-07-17,24.3,13.6,19.0,5.8,31.0
2015-07-18,24.9,17.9,21.4,12.1,31.0
2015-07-19,28.3,20.2,24.3,12.9,31.0
2015-07-20,27.6,19.4,23.5,0.0,31.0
2015-07-21,24.6,16.5,20.6,10.7,35.0
2015-07-22,21.9,15.9,18.9,0.0,31.0
2015-07-23,24.2,15.9,20.1,0.2,31.0
2015-07-24,23.6,16.1,19.9,0.3,31.0
2015-07-25,26.1,14.1,20.1,2.0,31.0
2015-07-26,27.6,19.0,23.3,0.4,31.0
2015-07-27,30.0,19.4,24.7,19.8,35.0
2015-07-28,30.5,19.0,24.8,0.0,31.0
2015-07-29,32.1,22.4,27.3,0.0,31.0
2015-07-30,28.4,21.8,25.1,5.8,31.0
2015-07-31,26.3,19.3,22.8,0.0,32.0
2015-08-01,25.2,17.1,21.2,2.9,31.0
2015-08-02,27.4,16.3,21.9,0.0,32.0
2015-08-03,25.3,19.6,22.5,0.0,31.0
2015-08-04,25.4,16.6,21.0,5.8,33.0
2015-08-05,23.2,16.4,19.8,0.0,31.0
2015-08-06,22.0,15.3,18.7,0.0,31.0
2015-08-07,21.4,15.1,18.3,0.0,31.0
2015-08-08,24.0,14.8,19.4,0.0,31.0
2015-08-09,25.6,15.6,20.6,0.0,31.0
2015-08-10,27.5,16.5,22.0,3.4,31.0
2015-08-11,20.2,17.2,18.7,52.4,31.0
2015-08-12,23.5,16.7,20.1,1.4,31.0
2015-08-13,22.4,16.3,19.4,0.0,31.0
2015-08-14,24.7,16.0,20.4,1.8,31.0
2015-08-15,28.0,20.2,24.1,1.9,31.0
2015-08-16,29.4,20.5,25.0,0.0,31.0
2015-08-17,31.1,22.0,26.6,0.0,31.0
2015-08-18,31.0,21.3,26.2,19.7,33.0
2015-08-19,31.1,20.9,26.0,0.0,31.0
2015-08-20,30.2,19.6,24.9,4.8,39.0
2015-08-21,25.7,17.9,21.8,5.8,31.0
2015-08-22,25.2,17.3,21.3,0.0,31.0
2015-08-23,28.0,18.2,23.1,0.0,31.0
2015-08-24,28.5,17.5,23.0,0.0,31.0
2015-08-25,26.9,16.5,21.7,0.0,31.0
2015-08-26,23.2,16.7,20.0,0.0,31.0
2015-08-27,22.4,16.0,19.2,0.2,31.0
2015-08-28,22.8,14.7,18.8,0.0,31.0
2015-08-29,24.2,15.9,20.1,0.0,31.0
2015-08-30,25.6,18.3,22.0,0.0,31.0
2015-08-31,25.3,19.2,22.3,0.0,31.0
2015-09-01,27.3,16.6,22.0,0.0,31.0
2015-09-02,26.6,19.8,23.2,0.0,31.0
2015-09-03,27.9,17.8,22.9,0.0,31.0
2015-09-04,25.7,15.0,20.4,0.0,31.0
2015-09-05,28.7,15.1,21.9,0.0,31.0
2015-09-06,30.9,19.3,25.1,0.0,31.0
2015-09-07,31.8,22.0,26.9,15.9,39.0
2015-09-08,28.4,21.5,25.0,0.0,31.0
2015-09-09,28.6,19.0,23.8,0.3,31.0
2015-09-10,23.9,17.8,20.9,0.0,31.0
2015-09-11,25.4,15.1,20.3,0.0,31.0
2015-09-12,19.4,14.8,17.1,13.0,31.0
2015-09-13,21.2,14.9,18.1,18.6,31.0
2015-09-14,20.4,14.3,17.4,10.7,31.0
2015-09-15,25.8,15.1,20.5,0.0,31.0
2015-09-16,28.1,18.0,23.1,0.0,31.0
2015-09-17,27.9,19.4,23.7,0.0,31.0
2015-09-18,28.6,17.9,23.3,0.0,31.0
2015-09-19,27.9,13.8,20.9,7.7,31.0
2015-09-20,18.2,11.8,15.0,0.0,31.0
2015-09-21,20.9,10.4,15.7,0.0,31.0
2015-09-22,22.8,13.7,18.3,0.0,31.0
2015-09-23,23.9,14.5,19.2,0.0,31.0
2015-09-24,19.0,12.9,16.0,0.0,31.0
2015-09-25,14.9,9.8,12.4,0.0,31.0
2015-09-26,17.8,7.2,12.5,0.0,31.0
2015-09-27,23.1,9.1,16.1,0.0,31.0
2015-09-28,21.2,14.9,18.1,0.7,31.0
2015-09-29,24.5,12.8,18.7,30.6,35.0
2015-09-30,12.9,6.9,9.9,4.4,43.0
2015-10-01,13.5,5.1,9.3,0.0,32.0
2015-10-02,12.3,4.4,8.4,0.0,33.0
2015-10-03,12.7,4.9,8.8,0.0,31.0
2015-10-04,15.3,3.9,9.6,0.0,31.0
2015-10-05,15.7,6.1,10.9,0.0,31.0
2015-10-06,14.7,11.0,12.9,0.0,31.0
2015-10-07,17.5,8.7,13.1,0.0,31.0
2015-10-08,12.1,6.2,8.0,0.0,31.0
2015-10-09,8.4,5.4,6.9,6.6,31.0
2015-10-10,9.7,3.2,6.5,0.0,31.0
2015-10-11,17.3,7.7,12.5,0.0,35.0
2015-10-12,23.9,12.7,18.3,0.0,31.0
2015-10-13,17.1,12.8,15.0,4.8,32.0
2015-10-14,14.3,5.5,9.9,0.2,31.0
2015-10-15,13.7,4.8,9.3,10.6,31.0
2015-10-16,10.4,4.7,7.6,7.0,31.0
2015-10-17,6.2,-0.3,3.0,6.1,32.0
2015-10-18,3.4,-1.8,0.8,0.0,31.0
2015-10-19,7.5,-2.1,2.7,0.0,31.0
2015-10-20,17.2,7.2,12.2,0.0,31.0
2015-10-21,9.5,2.9,6.2,0.0,31.0
2015-10-22,17.2,3.6,10.4,2.9,37.0
2015-10-23,7.6,2.5,5.1,0.0,31.0
2015-10-24,10.5,1.5,6.0,6.9,33.0
2015-10-25,12.3,5.6,9.0,14.7,31.0
2015-10-26,7.5,1.5,4.5,0.2,31.0
2015-10-27,10.7,1.0,5.9,0.0,31.0
2015-10-28,10.2,2.2,6.2,32.1,31.0
2015-10-29,15.4,7.1,11.3,11.1,46.0
2015-10-30,8.5,1.3,4.9,0.5,35.0
2015-10-31,8.3,0.8,4.6,0.0,31.0
2015-11-01,12.6,5.7,9.2,7.6,31.0
2015-11-02,11.8,6.8,9.3,0.2,31.0
2015-11-03,15.1,6.5,10.8,0.5,31.0
2015-11-04,13.4,6.1,9.8,0.0,31.0
2015-11-05,18.0,5.7,11.9,0.0,31.0
2015-11-06,18.8,10.3,14.6,1.8,35.0
2015-11-07,10.7,3.9,7.3,0.2,31.0
2015-11-08,7.0,0.6,3.8,0.0,31.0
2015-11-09,11.5,5.5,8.5,0.0,31.0
2015-11-10,11.8,3.3,7.6,0.0,31.0
2015-11-11,9.9,5.2,7.6,0.0,31.0
2015-11-12,11.5,6.3,8.9,12.4,31.0
2015-11-13,9.3,1.1,5.2,9.2,31.0
2015-11-14,3.8,-0.5,1.7,0.2,33.0
2015-11-15,7.2,0.3,3.8,0.0,31.0
2015-11-16,7.0,0.3,3.7,0.2,31.0
2015-11-17,4.7,-1.0,1.9,0.0,31.0
2015-11-18,9.6,-1.7,4.0,0.0,31.0
2015-11-19,13.2,9.4,11.3,9.9,33.0
2015-11-20,10.9,2.4,6.7,0.3,37.0
2015-11-21,5.3,1.0,3.2,0.0,31.0
2015-11-22,7.7,-1.7,3.0,0.5,46.0
2015-11-23,0.7,-4.5,-1.9,0.3,31.0
2015-11-24,-2.5,-5.7,-4.1,0.2,31.0
2015-11-25,4.8,-4.8,0.0,0.2,31.0
2015-11-26,9.6,4.3,7.0,0.0,31.0
2015-11-27,14.5,0.7,7.6,16.3,35.0
2015-11-28,1.4,-3.5,-1.1,0.0,31.0
2015-11-29,-0.1,-5.6,-2.9,0.2,31.0
2015-11-30,-2.5,-9.0,-5.8,0.0,31.0
2015-12-01,4.4,-4.4,0.0,4.8,31.0
2015-12-02,6.1,3.1,4.6,13.4,31.0
2015-12-03,5.0,0.6,2.8,1.6,32.0
2015-12-04,5.6,0.5,3.1,0.0,31.0
2015-12-05,6.1,2.9,4.5,0.0,31.0
2015-12-06,5.3,2.2,3.8,0.0,31.0
2015-12-07,4.7,1.1,2.9,0.0,31.0
2015-12-08,3.5,-0.5,1.5,0.0,31.0
2015-12-09,7.2,1.4,4.3,0.0,31.0
2015-12-10,10.1,5.9,8.0,2.6,31.0
2015-12-11,13.8,7.5,10.7,0.0,32.0
2015-12-12,10.5,3.7,7.1,0.0,31.0
2015-12-13,3.8,0.6,2.2,2.9,31.0
2015-12-14,3.7,0.8,2.3,7.6,31.0
2015-12-15,4.4,2.1,2.3,5.6,31.0
2015-12-16,1.3,0.2,0.8,0.0,31.0
2015-12-17,8.5,0.3,4.4,16.9,31.0
2015-12-18,7.8,1.4,4.6,0.0,31.0
2015-12-19,1.5,-4.4,-1.5,0.0,32.0
2015-12-20,0.2,-6.1,-3.0,0.0,31.0
2015-12-21,4.2,0.2,2.2,8.5,31.0
2015-12-22,4.7,1.4,3.1,5.3,31.0
2015-12-23,10.1,2.2,6.2,8.2,31.0
2015-12-24,17.0,7.0,12.0,1.3,48.0
2015-12-25,7.7,3.4,5.6,0.0,31.0
2015-12-26,4.0,0.3,2.2,0.0,31.0
2015-12-27,1.7,-3.8,-1.1,11.5,31.0
2015-12-28,-3.8,-11.3,-7.6,0.0,33.0
2015-12-29,-7.3,-12.1,-9.7,29.9,33.0
2015-12-30,-4.8,-8.8,-6.8,2.8,31.0
2015-12-31,-0.4,-4.8,-2.6,1.2,31.0
2016-01-01,-0.1,-3.6,-1.9,0.7,31.0
2016-01-02,0.4,-4.4,-2.0,1.2,32.0
2016-01-03,0.2,-14.8,-7.3,7.7,32.0
2016-01-04,-13.5,-18.5,-16.0,0.0,35.0
2016-01-05,-7.5,-19.0,-13.3,0.0,31.0
2016-01-06,0.2,-11.1,-5.5,0.0,31.0
2016-01-07,0.8,-4.9,-2.1,0.0,31.0
2016-01-08,2.3,-5.3,-1.5,0.0,31.0
2016-01-09,4.5,1.5,3.0,2.5,31.0
2016-01-10,8.5,-0.7,3.9,8.0,50.0
2016-01-11,-0.7,-11.7,-6.2,0.0,54.0
2016-01-12,-3.5,-11.8,-7.7,8.1,31.0
2016-01-13,-3.6,-14.4,-9.0,0.0,33.0
2016-01-14,-9.0,-13.8,-11.4,0.9,31.0
2016-01-15,-8.4,-13.8,-11.1,0.0,32.0
2016-01-16,-1.8,-8.7,-5.3,0.9,31.0
2016-01-17,-4.5,-10.7,-7.6,0.0,31.0
2016-01-18,-7.2,-14.7,-11.0,6.0,33.0
2016-01-19,-9.1,-16.6,-12.9,1.4,39.0
2016-01-20,-4.1,-11.2,-7.7,0.0,31.0
2016-01-21,-6.2,-12.5,-9.4,0.0,31.0
2016-01-22,-2.6,-9.6,-6.1,0.0,31.0
2016-01-23,-8.4,-12.4,-10.4,0.0,31.0
2016-01-24,-6.1,-13.7,-9.9,0.0,31.0
2016-01-25,-0.5,-7.3,-3.6,0.2,31.0
2016-01-26,5.6,-1.6,2.0,3.7,39.0
2016-01-27,2.2,-7.8,-2.8,0.0,31.0
2016-01-28,1.7,-7.0,-2.7,0.0,31.0
2016-01-29,1.3,-7.6,-3.2,1.5,39.0
2016-01-30,0.8,-8.9,-4.1,0.0,33.0
2016-01-31,5.6,-1.3,2.2,1.1,31.0
2016-02-01,8.6,3.1,4.4,0.2,39.0
2016-02-02,0.4,-6.8,-3.2,0.0,31.0
2016-02-03,8.6,-5.6,1.5,16.6,31.0
2016-02-04,8.4,0.0,4.2,0.0,31.0
2016-02-05,0.2,-6.2,-3.0,0.0,31.0
2016-02-06,1.2,-4.3,-1.6,2.7,32.0
2016-02-07,0.8,-9.3,-4.3,0.2,31.0
2016-02-08,-5.8,-9.7,-7.8,0.0,33.0
2016-02-09,-5.7,-8.7,-7.2,1.8,31.0
2016-02-10,-4.9,-7.4,-6.2,2.1,31.0
2016-02-11,-7.1,-18.3,-12.7,1.7,31.0
2016-02-12,-6.5,-19.2,-12.9,3.2,31.0
2016-02-13,-11.5,-27.0,-19.3,0.4,35.0
2016-02-14,-19.5,-27.8,-23.7,0.0,31.0
2016-02-15,-3.7,-21.0,-12.4,0.0,31.0
2016-02-16,1.4,-6.9,-2.8,18.8,31.0
2016-02-17,-0.1,-10.2,-5.2,3.0,31.0
2016-02-18,-8.1,-13.8,-11.0,0.2,31.0
2016-02-19,1.4,-13.2,-5.9,4.4,32.0
2016-02-20,4.4,-0.4,2.0,8.4,39.0
2016-02-21,4.1,-9.8,-2.9,1.1,31.0
2016-02-22,-7.4,-14.1,-10.8,0.0,31.0
2016-02-23,-4.9,-12.3,-8.6,0.0,31.0
2016-02-24,0.6,-5.3,-2.4,30.0,31.0
2016-02-25,2.1,-3.6,-0.8,14.2,31.0
2016-02-26,-3.6,-12.8,-8.2,0.2,33.0
2016-02-27,2.9,-11.1,-4.1,0.0,44.0
2016-02-28,2.3,-9.0,-3.4,3.0,32.0
2016-02-29,1.9,-10.1,-4.1,4.9,37.0
2016-03-01,-8.8,-15.3,-12.1,0.4,35.0
2016-03-02,-7.3,-14.2,-10.8,11.8,37.0
2016-03-03,-11.8,-19.3,-15.6,0.0,31.0
2016-03-04,-5.2,-14.5,-9.9,0.0,31.0
2016-03-05,-1.5,-13.6,-7.6,0.0,31.0
2016-03-06,2.5,-5.4,-1.5,0.0,31.0
2016-03-07,4.3,-0.7,1.8,7.3,31.0
2016-03-08,4.2,2.0,3.1,0.0,31.0
2016-03-09,12.8,1.0,6.9,0.0,31.0
2016-03-10,10.0,1.8,5.9,0.0,31.0
2016-03-11,6.2,0.0,3.1,0.5,31.0
2016-03-12,10.7,-0.6,5.1,0.0,37.0
2016-03-13,6.8,1.0,3.9,0.0,32.0
2016-03-14,5.6,-1.3,2.2,2.1,31.0
2016-03-15,8.6,2.5,5.6,2.4,31.0
2016-03-16,7.3,3.1,5.2,5.2,31.0
2016-03-17,12.3,-0.4,6.0,3.2,31.0
2016-03-18,2.3,-4.9,-1.3,1.9,33.0
2016-03-19,-0.4,-8.2,-4.3,0.0,31.0
2016-03-20,0.2,-7.4,-3.6,0.0,31.0
2016-03-21,5.3,-4.5,0.4,0.0,33.0
2016-03-22,5.0,-5.6,-0.3,2.4,31.0
2016-03-23,2.3,-3.2,-0.5,1.6,31.0
2016-03-24,-1.5,-6.1,-3.8,8.6,33.0
2016-03-25,1.7,-2.1,-0.2,6.5,31.0
2016-03-26,3.5,-3.9,-0.2,0.0,31.0
2016-03-27,13.5,-2.7,5.4,0.0,31.0
2016-03-28,8.0,2.5,5.3,24.9,35.0
2016-03-29,6.1,0.2,3.2,1.0,39.0
2016-03-30,10.5,0.1,5.3,0.0,32.0
2016-03-31,15.9,5.9,10.9,30.5,31.0
2016-04-01,16.0,3.6,9.8,4.1,32.0
2016-04-02,8.7,-3.0,2.9,2.1,32.0
2016-04-03,-2.9,-8.9,-5.9,0.2,41.0
2016-04-04,-3.4,-9.6,-6.5,0.0,31.0
2016-04-05,-0.3,-9.1,-4.7,0.0,32.0
2016-04-06,3.6,-3.9,-0.2,11.3,31.0
2016-04-07,4.6,0.0,2.3,45.3,33.0
2016-04-08,4.3,-4.0,0.2,3.0,32.0
2016-04-09,1.4,-5.5,-2.1,0.0,31.0
2016-04-10,1.9,-6.5,-2.3,0.0,31.0
2016-04-11,7.5,-1.4,3.1,18.8,31.0
2016-04-12,8.2,0.6,4.4,1.1,32.0
2016-04-13,6.7,-1.4,2.7,0.2,33.0
2016-04-14,9.3,0.2,4.8,0.0,31.0
2016-04-15,12.8,1.1,7.0,0.0,31.0
2016-04-16,14.3,2.3,8.3,0.0,31.0
2016-04-17,21.9,5.6,13.8,0.0,31.0
2016-04-18,13.6,4.8,9.2,10.9,32.0
2016-04-19,14.0,3.9,9.0,0.0,37.0
2016-04-20,12.8,2.6,7.7,0.0,31.0
2016-04-21,21.3,5.0,13.2,0.0,31.0
2016-04-22,16.5,5.9,11.2,9.1,32.0
2016-04-23,11.8,2.4,7.1,0.0,32.0
2016-04-24,10.6,0.2,5.4,0.0,33.0
2016-04-25,9.6,0.5,5.1,0.0,31.0
2016-04-26,8.4,0.2,4.3,0.0,31.0
2016-04-27,6.6,-1.5,2.6,0.0,35.0
2016-04-28,7.3,-0.9,3.2,0.0,31.0
2016-04-29,10.9,0.2,5.6,0.0,31.0
2016-04-30,14.5,3.0,8.8,0.0,31.0
2016-05-01,10.6,6.0,8.3,5.9,31.0
2016-05-02,8.5,6.4,7.5,1.6,31.0
2016-05-03,13.6,4.9,9.3,0.0,31.0
2016-05-04,13.8,4.7,9.3,0.0,31.0
2016-05-05,17.2,6.4,11.8,0.0,32.0
2016-05-06,21.0,7.3,14.2,0.0,31.0
2016-05-07,22.9,13.3,18.1,0.0,31.0
2016-05-08,13.7,1.9,7.8,8.2,37.0
2016-05-09,11.0,1.1,6.1,0.0,31.0
2016-05-10,19.2,6.3,12.8,0.0,31.0
2016-05-11,21.4,9.6,15.5,0.0,31.0
2016-05-12,25.4,11.6,18.5,0.0,31.0
2016-05-13,20.8,14.0,17.4,3.3,31.0
2016-05-14,21.3,8.5,14.9,2.6,31.0
2016-05-15,9.5,2.2,5.9,0.9,33.0
2016-05-16,9.0,2.3,5.7,0.2,32.0
2016-05-17,13.7,4.3,9.0,0.0,32.0
2016-05-18,17.8,5.5,11.7,0.0,31.0
2016-05-19,19.4,11.4,15.4,0.0,31.0
2016-05-20,24.1,12.8,18.5,0.0,31.0
2016-05-21,24.6,15.1,19.9,0.0,31.0
2016-05-22,25.8,15.3,20.6,0.0,31.0
2016-05-23,27.9,14.0,21.0,0.0,31.0
2016-05-24,29.0,15.3,20.3,0.0,31.0
2016-05-25,25.8,15.8,20.8,0.0,33.0
2016-05-26,24.3,14.0,19.2,0.0,31.0
2016-05-27,31.7,13.9,22.8,0.6,32.0
2016-05-28,27.6,17.7,22.7,0.0,31.0
2016-05-29,27.4,15.7,21.6,0.4,31.0
2016-05-30,29.5,19.5,24.5,1.7,33.0
2016-05-31,25.6,15.5,20.6,0.0,32.0
2016-06-01,25.1,13.2,19.2,0.0,31.0
2016-06-02,21.9,17.6,19.8,5.1,31.0
2016-06-03,26.1,17.9,22.0,0.0,31.0
2016-06-04,25.9,16.9,21.4,0.0,31.0
2016-06-05,19.3,16.7,18.0,61.1,31.0
2016-06-06,22.2,16.8,19.5,0.4,35.0
2016-06-07,22.3,12.7,17.5,0.0,31.0
2016-06-08,14.0,8.3,11.2,0.8,31.0
2016-06-09,13.8,7.8,10.8,0.2,37.0
2016-06-10,20.5,8.7,14.6,0.0,31.0
2016-06-11,15.7,12.2,14.0,0.0,31.0
2016-06-12,15.9,9.9,12.9,0.0,39.0
2016-06-13,20.4,12.1,16.3,0.0,33.0
2016-06-14,25.5,11.1,18.3,0.0,31.0
2016-06-15,27.9,14.6,21.3,0.0,31.0
2016-06-16,25.6,14.7,20.2,0.0,31.0
2016-06-17,28.1,16.3,22.2,0.0,33.0
2016-06-18,30.3,15.7,23.0,0.0,31.0
2016-06-19,31.5,20.3,25.9,0.0,31.0
2016-06-20,32.6,21.5,27.1,0.0,39.0
2016-06-21,24.2,16.6,20.4,0.0,37.0
2016-06-22,21.3,13.7,17.5,5.7,31.0
2016-06-23,23.8,15.0,19.4,0.0,31.0
2016-06-24,26.0,14.0,20.0,0.0,31.0
2016-06-25,30.3,18.4,24.4,0.0,31.0
2016-06-26,32.3,19.4,25.9,0.0,31.0
2016-06-27,28.2,20.3,24.3,2.7,31.0
2016-06-28,27.1,18.1,22.6,20.9,31.0
2016-06-29,22.9,15.6,19.3,2.1,31.0
2016-06-30,27.7,15.8,21.8,0.0,31.0
2016-07-01,27.4,16.3,21.9,1.6,31.0
2016-07-02,19.6,14.3,17.0,0.0,31.0
2016-07-03,27.0,14.6,20.8,0.2,32.0
2016-07-04,28.6,17.4,23.0,0.0,31.0
2016-07-05,29.8,19.4,24.6,0.0,31.0
2016-07-06,30.8,19.2,25.0,0.0,31.0
2016-07-07,23.9,16.5,20.2,0.0,31.0
2016-07-08,22.5,15.7,19.1,0.0,31.0
2016-07-09,19.1,16.1,17.6,21.5,31.0
2016-07-10,18.4,13.7,16.1,1.1,31.0
2016-07-11,27.4,13.6,20.5,0.0,31.0
2016-07-12,29.4,19.1,24.3,0.0,31.0
2016-07-13,32.4,20.9,26.7,0.0,31.0
2016-07-14,28.2,20.9,24.6,8.3,31.0
2016-07-15,28.9,18.8,23.9,10.2,37.0
2016-07-16,24.7,15.9,20.3,1.5,31.0
2016-07-17,26.5,19.4,23.0,0.0,31.0
2016-07-18,28.4,18.3,23.4,16.6,33.0
2016-07-19,23.0,15.3,19.2,0.0,37.0
2016-07-20,26.2,16.8,21.5,0.0,31.0
2016-07-21,30.3,18.4,24.4,2.1,33.0
2016-07-22,31.2,20.6,25.9,2.5,32.0
2016-07-23,27.6,17.4,22.5,18.3,35.0
2016-07-24,25.4,15.5,20.5,0.0,31.0
2016-07-25,25.2,18.9,22.1,4.0,31.0
2016-07-26,27.3,19.8,23.6,0.0,31.0
2016-07-27,29.9,20.3,25.1,0.0,31.0
2016-07-28,28.2,20.8,24.5,0.0,31.0
2016-07-29,25.7,18.1,21.9,0.0,31.0
2016-07-30,25.5,17.9,21.7,0.0,31.0
2016-07-31,28.1,17.5,22.8,0.0,31.0
2016-08-01,26.9,18.7,22.8,0.0,31.0
2016-08-02,28.7,18.3,23.5,0.0,31.0
2016-08-03,30.6,19.6,25.1,0.0,31.0
2016-08-04,31.4,20.5,26.0,2.3,31.0
2016-08-05,32.4,21.6,27.0,0.0,39.0
2016-08-06,29.0,20.9,25.0,0.0,35.0
2016-08-07,27.1,18.2,22.7,0.0,35.0
2016-08-08,27.5,17.7,22.6,0.0,33.0
2016-08-09,29.1,16.2,22.7,0.0,31.0
2016-08-10,32.4,21.6,27.0,0.0,31.0
2016-08-11,31.9,23.0,27.5,0.0,31.0
2016-08-12,27.4,18.6,23.0,1.8,31.0
2016-08-13,20.3,17.2,18.8,32.6,32.0
2016-08-14,24.9,17.0,21.0,9.8,31.0
2016-08-15,27.2,17.9,22.6,0.0,31.0
2016-08-16,24.5,16.6,20.6,77.8,31.0
2016-08-17,26.8,16.5,21.7,0.0,35.0
2016-08-18,27.6,20.2,23.9,0.0,31.0
2016-08-19,27.6,17.5,22.6,0.0,31.0
2016-08-20,29.8,18.5,24.2,0.0,31.0
2016-08-21,27.6,19.0,23.3,22.0,35.0
2016-08-22,21.3,13.6,17.5,0.0,33.0
2016-08-23,25.6,15.4,20.5,0.0,35.0
2016-08-24,28.8,19.4,24.1,0.0,31.0
2016-08-25,25.6,21.8,23.7,0.8,31.0
2016-08-26,28.3,21.7,25.0,0.0,31.0
2016-08-27,25.3,18.2,21.8,0.0,31.0
2016-08-28,28.0,19.7,23.9,0.0,31.0
2016-08-29,25.3,18.6,22.0,0.0,41.0
2016-08-30,25.8,18.3,22.1,0.0,31.0
2016-08-31,26.0,18.3,22.2,0.0,31.0
2016-09-01,23.0,16.0,19.5,0.0,31.0
2016-09-02,21.1,14.2,17.7,0.0,31.0
2016-09-03,23.1,12.9,18.0,0.0,31.0
2016-09-04,25.9,15.0,20.5,0.0,31.0
2016-09-05,28.0,15.6,21.8,0.0,31.0
2016-09-06,29.2,16.8,23.0,0.0,31.0
2016-09-07,30.1,18.6,24.4,0.0,31.0
2016-09-08,25.7,21.6,23.7,7.7,31.0
2016-09-09,27.1,21.1,24.1,0.0,31.0
2016-09-10,27.9,19.0,23.5,5.0,31.0
2016-09-11,22.5,14.0,18.3,1.1,33.0
2016-09-12,23.0,13.1,18.1,0.0,31.0
2016-09-13,26.8,14.8,20.8,0.0,31.0
2016-09-14,21.5,11.5,16.5,0.0,37.0
2016-09-15,18.4,9.4,13.9,0.0,31.0
2016-09-16,21.2,10.1,15.7,0.0,31.0
2016-09-17,23.2,14.9,19.1,1.3,31.0
2016-09-18,26.9,19.6,23.3,0.7,31.0
2016-09-19,27.0,15.5,21.3,0.0,31.0
2016-09-20,26.4,14.6,20.5,0.0,31.0
2016-09-21,26.3,15.4,20.9,0.0,31.0
2016-09-22,21.0,11.9,16.5,1.1,33.0
2016-09-23,17.7,10.5,14.1,1.6,31.0
2016-09-24,17.6,8.2,12.9,0.0,33.0
2016-09-25,16.8,6.8,11.8,0.0,33.0
2016-09-26,18.2,7.6,12.9,0.9,31.0
2016-09-27,21.2,12.0,16.6,1.8,31.0
2016-09-28,19.9,9.5,14.7,0.0,31.0
2016-09-29,17.8,7.7,12.8,0.0,31.0
2016-09-30,18.9,8.0,13.5,0.0,31.0
2016-10-01,18.6,12.1,15.4,0.0,31.0
2016-10-02,15.8,13.0,14.4,0.8,31.0
2016-10-03,18.5,9.4,14.0,0.0,31.0
2016-10-04,19.3,6.6,13.0,0.0,31.0
2016-10-05,20.5,10.3,15.4,0.0,31.0
2016-10-06,23.4,12.0,17.7,0.0,31.0
2016-10-07,24.9,13.4,19.2,0.0,31.0
2016-10-08,17.5,11.8,14.7,19.9,31.0
2016-10-09,12.7,5.6,9.2,0.0,33.0
2016-10-10,11.7,3.0,7.4,0.0,33.0
2016-10-11,17.1,5.7,11.4,0.0,31.0
2016-10-12,20.0,10.7,15.4,0.0,31.0
2016-10-13,13.9,4.7,9.3,7.6,31.0
2016-10-14,10.9,2.8,6.9,0.0,31.0
2016-10-15,15.7,5.1,10.4,0.0,33.0
2016-10-16,17.7,11.3,14.5,12.6,35.0
2016-10-17,15.6,9.1,11.9,0.0,31.0
2016-10-18,25.5,8.4,17.0,4.2,31.0
2016-10-19,16.8,10.8,13.8,0.0,31.0
2016-10-20,13.4,9.8,11.6,27.5,31.0
2016-10-21,10.2,7.7,9.0,42.1,37.0
2016-10-22,8.2,2.0,5.1,32.3,31.0
2016-10-23,9.7,2.4,6.1,6.6,37.0
2016-10-24,7.4,2.9,5.2,0.0,31.0
2016-10-25,6.9,2.6,3.2,0.0,37.0
2016-10-26,3.1,0.2,1.7,0.0,31.0
2016-10-27,6.6,-0.1,3.3,15.7,31.0
2016-10-28,5.8,3.5,4.7,5.8,31.0
2016-10-29,7.3,3.2,5.3,8.8,31.0
2016-10-30,6.5,4.5,5.5,0.0,31.0
2016-10-31,4.6,1.6,3.1,0.0,31.0
2016-11-01,11.3,0.6,6.0,0.0,31.0
2016-11-02,15.5,7.2,11.4,0.0,31.0
2016-11-03,11.0,5.6,8.3,8.8,31.0
2016-11-04,5.6,1.8,3.7,0.5,31.0
2016-11-05,8.3,2.3,5.3,1.0,31.0
2016-11-06,8.1,2.2,5.2,0.3,31.0
2016-11-07,10.6,0.6,5.6,0.0,31.0
2016-11-08,15.7,5.0,10.4,0.0,31.0
2016-11-09,10.8,0.3,5.6,0.2,32.0
2016-11-10,12.0,-0.2,5.9,0.0,33.0
2016-11-11,11.6,0.3,6.0,1.6,46.0
2016-11-12,7.5,-0.7,3.4,0.0,37.0
2016-11-13,11.1,6.8,9.0,0.0,33.0
2016-11-14,13.1,7.6,10.4,0.0,31.0
2016-11-15,11.4,5.0,8.2,0.7,31.0
2016-11-16,8.0,5.8,6.9,2.7,31.0
2016-11-17,10.0,3.6,6.8,0.0,31.0
2016-11-18,9.5,3.1,6.3,0.2,31.0
2016-11-19,9.8,1.6,5.7,0.0,31.0
2016-11-20,6.6,-0.4,3.1,17.0,31.0
2016-11-21,-0.4,-2.3,-1.4,7.6,31.0
2016-11-22,-0.3,-2.1,-1.2,2.2,32.0
2016-11-23,0.8,-2.7,-1.0,0.2,31.0
2016-11-24,0.7,-1.7,-0.5,4.1,31.0
2016-11-25,1.9,0.0,1.0,0.9,31.0
2016-11-26,3.0,0.7,1.9,1.7,31.0
2016-11-27,2.1,-0.5,0.8,0.0,31.0
2016-11-28,-0.4,-2.0,-1.2,0.0,31.0
2016-11-29,2.6,-1.6,0.5,10.2,31.0
2016-11-30,8.3,1.4,4.9,8.4,31.0
2016-12-01,8.6,4.8,6.7,20.9,31.0
2016-12-02,5.9,2.0,4.0,1.8,31.0
2016-12-03,2.9,-0.4,1.3,1.1,31.0
2016-12-04,1.6,-3.1,-0.8,0.2,31.0
2016-12-05,-1.8,-4.1,-3.0,4.5,31.0
2016-12-06,1.3,-3.4,-1.1,0.0,31.0
2016-12-07,3.6,-2.1,0.8,3.3,31.0
2016-12-08,3.1,-3.4,-0.2,3.2,37.0
2016-12-09,-3.3,-7.6,-5.5,0.2,39.0
2016-12-10,-4.9,-8.9,-6.9,0.2,31.0
2016-12-11,-4.0,-10.2,-7.1,0.2,31.0
2016-12-12,-2.4,-6.2,-4.3,13.8,31.0
2016-12-13,1.5,-7.3,-2.9,0.8,31.0
2016-12-14,-0.4,-7.9,-4.2,0.4,33.0
2016-12-15,-7.6,-20.9,-14.3,1.0,33.0
2016-12-16,-14.9,-23.4,-19.2,0.4,31.0
2016-12-17,-7.3,-15.2,-11.3,4.1,31.0
2016-12-18,-3.5,-16.6,-10.1,4.0,31.0
2016-12-19,-9.6,-20.8,-15.2,0.3,31.0
2016-12-20,-2.0,-9.6,-5.8,0.0,31.0
2016-12-21,2.5,-2.2,0.2,0.5,31.0
2016-12-22,1.6,-0.3,0.7,2.9,31.0
2016-12-23,1.9,-0.5,0.7,0.0,31.0
2016-12-24,3.3,0.1,1.7,5.3,31.0
2016-12-25,3.2,-10.3,-3.6,0.2,37.0
2016-12-26,2.3,-13.0,-5.4,25.3,31.0
2016-12-27,7.3,-0.1,3.6,0.5,33.0
2016-12-28,0.0,-7.1,-3.6,0.2,31.0
2016-12-29,0.5,-6.8,-3.2,11.9,39.0
2016-12-30,-1.6,-11.3,-6.5,0.0,32.0
2016-12-31,-2.2,-13.9,-8.1,5.6,31.0
2017-01-01,0.3,-4.2,-2.0,1.7,32.0
2017-01-02,3.7,-5.3,-0.8,0.4,31.0
2017-01-03,0.6,-5.4,-2.4,10.3,31.0
2017-01-04,2.5,-4.8,-1.2,13.3,44.0
2017-01-05,-4.6,-10.6,-7.6,0.2,46.0
2017-01-06,-6.7,-12.8,-9.8,0.3,31.0
2017-01-07,-9.5,-15.6,-12.6,0.0,31.0
2017-01-08,-10.3,-18.5,-14.4,0.4,31.0
2017-01-09,-6.9,-20.0,-13.5,0.0,31.0
2017-01-10,1.9,-7.4,-2.8,3.3,41.0
2017-01-11,5.9,1.8,3.9,2.7,48.0
2017-01-12,6.2,-0.7,2.8,10.5,31.0
2017-01-13,-0.5,-15.0,-7.8,0.6,39.0
2017-01-14,-6.5,-17.1,-11.8,0.0,31.0
2017-01-15,-6.6,-10.3,-8.5,0.2,31.0
2017-01-16,2.5,-8.7,-3.1,0.0,43.0
2017-01-17,-0.2,-5.9,-3.1,0.5,31.0
2017-01-18,0.0,-5.9,-3.0,5.4,31.0
2017-01-19,2.1,-0.9,0.6,0.7,31.0
2017-01-20,2.5,1.0,1.8,0.0,31.0
2017-01-21,2.5,1.0,1.8,0.8,31.0
2017-01-22,2.1,-2.6,-0.3,0.2,33.0
2017-01-23,0.2,-3.9,-1.9,0.0,31.0
2017-01-24,-2.3,-4.2,-3.3,7.7,35.0
2017-01-25,0.2,-2.4,-1.1,3.3,31.0
2017-01-26,1.3,0.0,0.7,6.9,31.0
2017-01-27,0.9,-3.4,-1.3,2.1,31.0
2017-01-28,0.3,-2.9,-1.3,0.4,31.0
2017-01-29,-0.2,-5.7,-3.0,1.8,31.0
2017-01-30,-5.6,-13.0,-9.3,0.7,31.0
2017-01-31,-6.7,-14.1,-10.4,0.0,31.0
2017-02-01,-6.1,-13.0,-9.6,1.1,31.0
2017-02-02,-4.5,-10.5,-7.5,0.5,31.0
2017-02-03,-4.3,-9.2,-6.8,0.3,31.0
2017-02-04,-3.2,-11.1,-7.2,0.0,31.0
2017-02-05,-0.2,-7.4,-3.8,0.9,32.0
2017-02-06,-7.5,-14.3,-10.9,1.1,31.0
2017-02-07,0.1,-13.0,-6.5,17.1,32.0
2017-02-08,4.0,-10.1,-3.1,14.0,37.0
2017-02-09,-10.1,-15.7,-12.9,0.3,31.0
2017-02-10,-12.9,-16.6,-14.8,0.0,32.0
2017-02-11,-10.2,-14.2,-12.2,0.7,31.0
2017-02-12,-3.4,-13.4,-8.4,17.4,31.0
2017-02-13,-3.1,-8.1,-5.6,3.5,32.0
2017-02-14,-3.4,-9.1,-6.3,1.6,31.0
2017-02-15,-2.5,-6.0,-4.3,8.6,115.0
2017-02-16,-1.7,-4.9,-3.3,2.6,31.0
2017-02-17,-3.0,-8.0,-5.5,0.0,31.0
2017-02-18,8.1,-4.4,1.9,0.0,35.0
2017-02-19,8.7,0.3,4.5,0.0,31.0
2017-02-20,0.5,-4.4,-3.3,0.0,31.0
2017-02-21,4.0,-5.7,-0.9,0.0,31.0
2017-02-22,7.4,2.0,4.7,0.0,31.0
2017-02-23,12.4,2.4,7.4,0.0,31.0
2017-02-24,5.4,0.5,3.0,1.6,32.0
2017-02-25,11.6,0.1,5.9,42.1,31.0
2017-02-26,2.2,-5.1,-1.5,0.0,33.0
2017-02-27,5.9,-1.1,2.4,0.0,35.0
2017-02-28,7.9,-2.5,2.7,0.0,31.0
2017-03-01,9.0,2.3,5.7,14.7,39.0
2017-03-02,5.3,-10.3,-2.5,0.5,39.0
2017-03-03,-7.9,-14.7,-11.3,0.0,37.0
2017-03-04,-12.4,-18.6,-15.5,0.0,32.0
2017-03-05,-6.4,-17.2,-11.8,0.0,31.0
2017-03-06,0.0,-10.5,-5.3,1.2,31.0
2017-03-07,6.2,-2.5,1.9,11.4,31.0
2017-03-08,10.9,1.1,6.0,4.6,43.0
2017-03-09,1.9,-5.2,-1.7,0.0,35.0
2017-03-10,-4.5,-18.6,-11.6,0.6,33.0
2017-03-11,-15.4,-21.1,-18.3,0.0,32.0
2017-03-12,-10.1,-17.2,-13.7,0.0,32.0
2017-03-13,-8.3,-15.4,-12.1,0.0,31.0
2017-03-14,-7.6,-9.5,-8.6,22.4,52.0
2017-03-15,-3.7,-8.4,-6.1,6.9,35.0
2017-03-16,-3.4,-10.0,-6.7,0.0,31.0
2017-03-17,-1.9,-9.4,-5.7,0.0,31.0
2017-03-18,0.6,-11.2,-5.3,0.0,31.0
2017-03-19,3.3,-7.9,-2.3,0.0,31.0
2017-03-20,6.1,-4.9,0.6,0.0,31.0
2017-03-21,5.0,-2.1,1.5,1.0,59.0
2017-03-22,-2.1,-13.7,-7.9,0.5,43.0
2017-03-23,0.6,-10.0,-4.7,0.0,31.0
2017-03-24,0.0,-2.6,-1.3,8.0,31.0
2017-03-25,3.1,-4.4,-0.7,1.1,31.0
2017-03-26,1.2,-7.1,-3.0,0.4,31.0
2017-03-27,4.0,1.0,2.5,9.4,31.0
2017-03-28,4.9,1.2,3.1,2.5,31.0
2017-03-29,5.7,2.0,3.9,0.0,31.0
2017-03-30,5.4,-0.2,2.6,0.0,31.0
2017-03-31,5.0,0.0,2.5,9.6,31.0
2017-04-01,2.3,0.3,1.3,7.5,31.0
2017-04-02,10.0,1.0,5.5,0.0,31.0
2017-04-03,7.9,-0.1,3.9,0.0,31.0
2017-04-04,5.6,2.2,3.9,38.0,31.0
2017-04-05,7.5,3.8,5.7,5.1,31.0
2017-04-06,5.1,1.5,3.3,43.0,35.0
2017-04-07,4.9,1.4,3.2,15.0,31.0
2017-04-08,7.1,0.5,3.8,0.2,37.0
2017-04-09,16.4,1.7,9.1,0.0,31.0
2017-04-10,25.4,9.2,17.3,3.3,46.0
2017-04-11,15.8,4.3,10.1,4.8,31.0
2017-04-12,10.4,4.0,7.2,0.8,31.0
2017-04-13,13.6,3.6,8.6,0.2,35.0
2017-04-14,14.3,2.3,8.3,0.0,31.0
2017-04-15,19.4,5.7,12.6,5.0,31.0
2017-04-16,15.5,7.0,11.3,19.1,32.0
2017-04-17,8.9,3.6,6.3,1.0,31.0
2017-04-18,9.6,1.6,5.6,0.0,31.0
2017-04-19,10.4,5.7,8.1,21.1,35.0
2017-04-20,9.4,5.4,7.4,0.0,31.0
2017-04-21,11.3,6.7,9.0,7.0,32.0
2017-04-22,9.1,5.7,7.4,0.5,31.0
2017-04-23,18.3,3.6,11.0,0.2,35.0
2017-04-24,8.9,-0.2,4.4,0.0,31.0
2017-04-25,13.4,2.5,8.0,4.1,32.0
2017-04-26,15.3,8.8,12.1,1.9,31.0
2017-04-27,24.8,9.7,17.3,0.0,31.0
2017-04-28,20.6,10.6,15.6,1.1,39.0
2017-04-29,19.6,4.7,12.2,0.0,41.0
2017-04-30,7.3,2.2,4.8,8.7,31.0
2017-05-01,9.9,5.4,7.7,39.0,33.0
2017-05-02,17.0,8.4,12.7,0.0,37.0
2017-05-03,12.5,6.1,9.3,0.0,33.0
2017-05-04,16.1,5.1,10.6,0.0,31.0
2017-05-05,9.7,6.8,8.3,17.2,31.0
2017-05-06,20.8,6.8,13.8,5.6,31.0
2017-05-07,10.8,3.5,7.2,7.3,35.0
2017-05-08,5.1,1.6,3.4,0.2,31.0
2017-05-09,7.5,0.8,4.2,0.4,31.0
2017-05-10,11.7,4.6,8.2,0.0,31.0
2017-05-11,13.1,6.5,9.8,0.0,31.0
2017-05-12,17.8,7.7,12.8,0.0,31.0
2017-05-13,18.6,10.5,14.6,0.0,32.0
2017-05-14,12.2,8.4,10.3,3.1,31.0
2017-05-15,21.4,9.3,15.4,0.0,35.0
2017-05-16,23.1,11.5,17.3,0.0,31.0
2017-05-17,29.9,14.6,22.3,0.0,39.0
2017-05-18,30.8,19.7,25.3,0.8,44.0
2017-05-19,19.9,8.2,14.1,0.2,33.0
2017-05-20,18.5,6.2,12.4,0.0,33.0
2017-05-21,20.7,10.2,15.5,0.6,31.0
2017-05-22,13.7,9.5,11.6,7.8,31.0
2017-05-23,20.5,11.0,15.8,0.0,31.0
2017-05-24,24.5,12.4,17.4,0.0,31.0
2017-05-25,20.8,12.6,16.7,13.1,32.0
2017-05-26,14.1,12.4,12.8,1.6,32.0
2017-05-27,22.4,11.5,17.0,0.0,31.0
2017-05-28,25.8,13.9,19.9,0.0,31.0
2017-05-29,18.9,12.6,15.8,11.0,43.0
2017-05-30,18.9,12.3,15.6,9.0,31.0
2017-05-31,23.5,13.4,18.0,1.6,39.0
2017-06-01,18.6,14.3,14.3,0.0,33.0
2017-06-02,15.9,9.0,12.5,1.4,31.0
2017-06-03,17.4,9.5,13.5,0.0,31.0
2017-06-04,23.5,12.2,17.9,0.0,31.0
2017-06-05,16.0,11.5,13.8,51.3,31.0
2017-06-06,15.5,10.9,13.2,11.3,31.0
2017-06-07,25.1,11.0,18.1,0.0,31.0
2017-06-08,28.3,15.1,21.7,0.0,35.0
2017-06-09,26.1,15.6,20.9,0.0,31.0
2017-06-10,25.4,12.7,19.1,0.0,31.0
2017-06-11,29.5,21.1,25.3,0.0,46.0
2017-06-12,32.1,20.7,26.4,0.0,33.0
2017-06-13,27.7,17.0,22.4,0.0,31.0
2017-06-14,21.2,12.6,16.9,0.0,32.0
2017-06-15,23.2,12.3,17.8,2.1,31.0
2017-06-16,18.0,14.3,16.2,27.3,31.0
2017-06-17,27.5,16.8,22.2,0.0,31.0
2017-06-18,31.1,21.2,26.2,0.0,33.0
2017-06-19,25.8,20.3,23.1,0.2,31.0
2017-06-20,23.8,17.1,20.5,17.4,54.0
2017-06-21,22.3,15.4,18.9,0.0,35.0
2017-06-22,24.0,15.3,19.7,3.1,32.0
2017-06-23,25.1,16.5,20.8,10.5,31.0
2017-06-24,26.0,17.2,21.6,0.0,33.0
2017-06-25,23.5,14.3,18.9,0.0,31.0
2017-06-26,21.6,13.3,17.5,5.5,31.0
2017-06-27,21.0,13.6,17.3,2.7,37.0
2017-06-28,22.3,13.4,17.9,0.2,31.0
2017-06-29,21.2,15.4,18.3,2.6,31.0
2017-06-30,22.7,15.4,19.3,6.6,31.0
2017-07-01,24.1,18.7,21.4,3.1,31.0
2017-07-02,23.6,18.2,20.9,0.0,31.0
2017-07-03,24.4,16.6,20.5,0.0,31.0
2017-07-04,26.8,16.7,21.8,0.0,31.0
2017-07-05,27.9,15.7,21.8,0.0,31.0
2017-07-06,28.9,19.0,24.0,0.0,32.0
2017-07-07,27.4,19.6,23.4,10.2,31.0
2017-07-08,23.2,16.5,19.9,32.4,35.0
2017-07-09,24.0,16.2,20.1,0.0,31.0
2017-07-10,24.6,17.2,20.9,2.5,31.0
2017-07-11,27.3,18.7,23.0,0.0,31.0
2017-07-12,20.2,15.1,17.7,0.3,32.0
2017-07-13,24.0,14.3,19.1,0.6,31.0
2017-07-14,20.9,14.8,17.9,5.8,31.0
2017-07-15,26.2,17.2,21.7,0.5,31.0
2017-07-16,26.7,19.3,23.0,0.0,31.0
2017-07-17,25.5,19.0,22.3,1.3,31.0
2017-07-18,29.1,17.3,23.2,0.0,31.0
2017-07-19,27.2,20.4,23.8,1.3,31.0
2017-07-20,29.0,19.6,24.3,0.0,31.0
2017-07-21,28.2,18.7,23.5,6.1,43.0
2017-07-22,25.2,17.4,21.3,0.0,31.0
2017-07-23,24.5,16.3,20.4,0.0,31.0
2017-07-24,19.3,13.7,16.5,17.6,31.0
2017-07-25,23.5,13.4,18.5,5.0,31.0
2017-07-26,23.6,15.3,19.5,0.0,31.0
2017-07-27,25.7,17.9,21.8,0.0,31.0
2017-07-28,24.2,15.3,19.8,0.0,31.0
2017-07-29,24.3,14.2,19.3,0.0,31.0
2017-07-30,27.1,14.3,20.7,0.0,31.0
2017-07-31,29.9,18.7,24.3,10.1,39.0
2017-08-01,27.8,17.7,22.8,0.3,31.0
2017-08-02,30.4,19.6,25.0,4.0,31.0
2017-08-03,28.7,18.4,23.6,0.2,31.0
2017-08-04,28.9,19.3,24.1,16.8,31.0
2017-08-05,24.9,15.9,20.4,12.8,33.0
2017-08-06,21.2,13.4,17.3,0.0,31.0
2017-08-07,21.7,14.3,18.0,0.0,31.0
2017-08-08,24.0,13.9,19.0,0.0,31.0
2017-08-09,24.4,17.5,21.0,0.0,33.0
2017-08-10,25.7,17.1,21.4,0.0,31.0
2017-08-11,28.3,18.6,23.5,0.0,31.0
2017-08-12,26.4,17.4,21.9,11.1,31.0
2017-08-13,26.2,17.3,21.8,1.5,31.0
2017-08-14,26.4,17.8,22.1,0.0,31.0
2017-08-15,25.5,17.7,21.6,5.9,31.0
2017-08-16,22.4,15.1,18.8,0.0,31.0
2017-08-17,25.4,15.9,20.7,0.0,31.0
2017-08-18,21.2,16.3,18.8,18.9,31.0
2017-08-19,26.3,20.0,23.2,0.0,31.0
2017-08-20,26.1,17.7,21.9,0.0,31.0
2017-08-21,27.9,19.4,23.7,0.0,31.0
2017-08-22,26.7,20.3,23.5,14.5,32.0
2017-08-23,22.4,15.5,19.0,0.0,33.0
2017-08-24,20.9,13.4,17.2,0.0,31.0
2017-08-25,21.7,12.4,17.1,0.0,31.0
2017-08-26,21.1,10.9,16.0,0.0,31.0
2017-08-27,22.5,11.7,17.1,0.0,31.0
2017-08-28,24.4,12.2,18.3,0.0,31.0
2017-08-29,25.2,16.1,20.7,0.2,31.0
2017-08-30,23.8,13.4,18.6,0.0,31.0
2017-08-31,19.9,9.2,14.6,0.2,35.0
2017-09-01,17.2,7.0,12.1,0.0,39.0
2017-09-02,21.0,10.7,15.9,0.0,31.0
2017-09-03,13.9,11.5,12.7,27.6,31.0
2017-09-04,24.3,12.9,18.6,1.7,32.0
2017-09-05,20.0,16.2,18.1,1.1,31.0
2017-09-06,17.6,14.2,15.9,1.3,31.0
2017-09-07,19.1,13.4,16.3,9.4,31.0
2017-09-08,18.4,12.4,15.4,0.0,31.0
2017-09-09,20.1,11.6,15.9,3.8,31.0
2017-09-10,20.3,10.6,15.5,0.0,31.0
2017-09-11,22.8,12.9,17.9,0.0,31.0
2017-09-12,23.7,14.0,18.9,0.0,32.0
2017-09-13,26.0,15.5,19.5,0.0,31.0
2017-09-14,26.9,17.3,21.1,0.0,31.0
2017-09-15,26.5,15.7,21.1,0.0,31.0
2017-09-16,27.0,19.1,23.1,0.0,31.0
2017-09-17,27.9,19.2,23.6,0.0,31.0
2017-09-18,25.9,16.9,21.4,0.0,31.0
2017-09-19,27.6,18.9,23.3,0.0,31.0
2017-09-20,26.1,18.0,22.1,0.0,31.0
2017-09-21,25.9,14.7,20.3,0.0,31.0
2017-09-22,26.1,14.5,20.3,0.0,31.0
2017-09-23,29.1,17.1,23.1,0.0,31.0
2017-09-24,30.9,20.2,25.6,0.0,31.0
2017-09-25,32.4,22.0,27.2,0.0,31.0
2017-09-26,30.6,22.6,26.6,0.0,31.0
2017-09-27,31.4,17.7,24.6,5.0,39.0
2017-09-28,18.1,9.6,13.9,0.0,31.0
2017-09-29,14.5,7.6,11.1,0.0,31.0
2017-09-30,14.7,6.7,10.7,0.0,31.0
2017-10-01,17.7,7.6,12.7,0.0,31.0
2017-10-02,19.6,9.2,14.4,0.0,31.0
2017-10-03,22.8,7.4,15.1,0.0,31.0
2017-10-04,25.2,13.3,19.3,7.3,59.0
2017-10-05,18.9,13.2,16.1,0.0,31.0
2017-10-06,18.6,11.8,15.2,0.0,31.0
2017-10-07,19.5,12.1,15.8,3.0,31.0
2017-10-08,23.9,17.9,20.9,6.9,33.0
2017-10-09,18.0,15.5,16.8,32.6,31.0
2017-10-10,21.4,12.7,17.1,0.0,31.0
2017-10-11,12.8,7.9,10.4,0.0,31.0
2017-10-12,15.9,5.8,10.9,0.0,31.0
2017-10-13,17.5,7.7,12.6,0.0,31.0
2017-10-14,18.6,13.3,16.0,0.0,31.0
2017-10-15,23.2,8.2,15.7,13.4,39.0
2017-10-16,8.8,3.2,6.0,0.0,31.0
2017-10-17,13.4,2.2,7.8,0.0,31.0
2017-10-18,18.3,10.0,14.2,0.0,31.0
2017-10-19,21.4,11.7,16.6,0.0,35.0
2017-10-20,17.2,8.9,13.1,0.0,31.0
2017-10-21,21.0,11.5,16.3,0.0,31.0
2017-10-22,19.0,9.9,14.5,0.0,31.0
2017-10-23,21.3,9.2,15.3,0.0,31.0
2017-10-24,24.1,13.1,18.6,29.5,35.0
2017-10-25,17.7,10.7,14.2,0.2,31.0
2017-10-26,12.0,8.5,10.3,3.7,31.0
2017-10-27,10.9,5.7,8.0,0.0,31.0
2017-10-28,18.6,5.6,12.1,0.0,31.0
2017-10-29,13.7,8.6,11.2,21.9,31.0
2017-10-30,18.6,6.5,12.6,0.9,46.0
2017-10-31,11.4,3.6,7.5,0.0,37.0
2017-11-01,9.7,2.8,6.3,2.3,31.0
2017-11-02,15.4,5.8,10.6,21.6,31.0
2017-11-03,15.4,3.7,9.6,12.6,31.0
2017-11-04,6.7,1.5,4.1,0.0,31.0
2017-11-05,12.5,2.3,7.4,11.4,37.0
2017-11-06,14.4,1.8,8.1,7.7,31.0
2017-11-07,4.6,0.1,2.4,0.0,31.0
2017-11-08,6.2,0.7,3.5,0.0,31.0
2017-11-09,8.7,0.8,4.8,2.8,43.0
2017-11-10,1.1,-8.8,-3.9,0.2,39.0
2017-11-11,-1.4,-8.9,-5.2,0.2,31.0
2017-11-12,2.2,-3.1,-0.5,0.0,31.0
2017-11-13,0.8,-2.9,-1.1,0.0,31.0
2017-11-14,3.1,0.1,1.6,0.0,31.0
2017-11-15,6.5,-2.1,2.2,0.0,31.0
2017-11-16,8.6,0.6,4.6,4.8,32.0
2017-11-17,0.7,-3.6,-1.5,0.0,31.0
2017-11-18,1.5,-4.7,-1.6,1.0,31.0
2017-11-19,2.6,-3.5,-0.5,13.3,32.0
2017-11-20,-3.4,-7.3,-5.4,0.2,31.0
2017-11-21,9.0,-4.6,2.2,0.0,31.0
2017-11-22,8.5,-5.0,1.8,1.4,31.0
2017-11-23,2.0,-7.6,-2.8,0.3,31.0
2017-11-24,6.7,2.0,4.4,0.0,31.0
2017-11-25,6.6,2.5,4.6,6.0,31.0
2017-11-26,2.8,-3.8,-0.5,3.9,31.0
2017-11-27,-1.0,-10.4,-5.7,0.5,31.0
2017-11-28,5.5,-10.0,-2.3,0.0,31.0
2017-11-29,7.7,-3.9,1.9,0.9,31.0
2017-11-30,4.9,-4.7,0.1,2.8,31.0
2017-12-01,5.2,0.5,2.9,0.0,31.0
2017-12-02,3.2,1.0,2.1,0.0,31.0
2017-12-03,2.5,-0.3,1.1,0.0,31.0
2017-12-04,6.0,-1.1,2.5,0.0,31.0
2017-12-05,9.9,5.9,7.9,9.0,44.0
2017-12-06,5.9,0.7,3.3,0.2,35.0
2017-12-07,1.6,-1.2,0.2,0.0,31.0
2017-12-08,0.8,-2.3,-0.8,0.2,32.0
2017-12-09,0.6,-3.6,-1.5,0.0,31.0
2017-12-10,-1.4,-4.7,-3.1,2.0,31.0
2017-12-11,-4.7,-12.6,-8.7,0.6,31.0
2017-12-12,-6.5,-10.6,-8.6,12.5,32.0
2017-12-13,-6.9,-15.5,-11.2,2.1,39.0
2017-12-14,-13.8,-18.3,-16.1,0.2,32.0
2017-12-15,-9.0,-17.2,-13.1,0.6,31.0
2017-12-16,-7.9,-13.0,-10.5,1.8,31.0
2017-12-17,-11.3,-17.0,-14.2,0.3,31.0
2017-12-18,-9.4,-14.1,-11.8,2.9,31.0
2017-12-19,3.7,-9.5,-2.9,7.2,31.0
2017-12-20,1.4,-11.6,-5.1,0.2,35.0
2017-12-21,-9.7,-13.9,-11.8,0.0,31.0
2017-12-22,-11.1,-15.6,-13.4,1.1,31.0
2017-12-23,-5.1,-11.2,-8.2,11.8,31.0
2017-12-24,-4.6,-8.1,-6.4,0.3,31.0
2017-12-25,-6.1,-10.7,-8.4,8.8,31.0
2017-12-26,-6.8,-17.9,-12.4,0.2,31.0
2017-12-27,-17.6,-23.6,-20.6,0.2,31.0
2017-12-28,-20.5,-25.6,-23.1,0.0,31.0
2017-12-29,-18.4,-22.4,-20.4,1.2,31.0
2017-12-30,-17.3,-21.6,-19.5,0.3,31.0
2017-12-31,-18.3,-22.2,-20.3,0.0,31.0
2018-01-01,-19.1,-24.2,-21.7,0.0,31.0
2018-01-02,-12.0,-22.2,-17.1,3.4,31.0
2018-01-03,-6.7,-15.9,-11.3,0.2,31.0
2018-01-04,-6.6,-13.2,-9.9,2.4,33.0
2018-01-05,-13.2,-22.4,-17.8,6.7,35.0
2018-01-06,-19.8,-23.8,-21.8,1.8,33.0
2018-01-07,-10.9,-24.1,-17.5,4.0,31.0
2018-01-08,0.1,-10.9,-5.4,10.6,31.0
2018-01-09,1.1,-8.8,-3.9,0.3,31.0
2018-01-10,0.6,-10.6,-5.0,0.9,31.0
2018-01-11,7.0,0.4,3.7,7.2,31.0
2018-01-12,11.3,-8.2,1.6,23.9,35.0
2018-01-13,-8.1,-19.2,-13.7,16.5,35.0
2018-01-14,-17.8,-22.7,-20.3,0.7,31.0
2018-01-15,-14.8,-21.5,-18.2,0.0,31.0
2018-01-16,-9.6,-15.1,-12.4,0.9,31.0
2018-01-17,-5.4,-11.5,-8.5,0.2,31.0
2018-01-18,-3.1,-5.8,-4.5,0.0,31.0
2018-01-19,-0.4,-4.5,-2.5,0.0,31.0
2018-01-20,4.3,-1.7,1.3,0.0,41.0
2018-01-21,0.3,-6.8,-3.3,0.0,31.0
2018-01-22,-3.5,-8.1,-5.8,11.8,33.0
2018-01-23,2.5,-4.4,-1.0,9.1,31.0
2018-01-24,2.0,-14.0,-6.0,3.1,31.0
2018-01-25,-10.4,-16.7,-13.6,0.2,31.0
2018-01-26,-6.7,-14.7,-10.7,0.0,31.0
2018-01-27,5.5,-12.4,-3.5,4.6,31.0
2018-01-28,5.1,-6.3,-0.6,0.3,31.0
2018-01-29,-6.3,-12.3,-9.3,0.4,33.0
2018-01-30,-7.5,-12.2,-11.2,0.0,32.0
2018-01-31,-5.4,-17.3,-11.4,4.9,31.0
2018-02-01,3.3,-10.1,-3.4,0.2,32.0
2018-02-02,-7.2,-18.3,-12.8,0.0,31.0
2018-02-03,-5.8,-18.9,-12.4,0.8,31.0
2018-02-04,-0.2,-6.7,-3.5,13.0,31.0
2018-02-05,-0.2,-11.7,-6.0,2.3,32.0
2018-02-06,-4.6,-11.2,-7.9,1.0,31.0
2018-02-07,-9.3,-11.4,-10.4,9.7,31.0
2018-02-08,-7.1,-15.1,-11.1,0.2,31.0
2018-02-09,-5.7,-12.1,-8.9,0.6,31.0
2018-02-10,-4.5,-8.7,-6.6,7.2,31.0
2018-02-11,2.9,-7.5,-2.3,3.6,33.0
2018-02-12,-1.6,-11.3,-6.5,0.0,31.0
2018-02-13,-5.6,-12.7,-9.2,0.0,31.0
2018-02-14,4.3,-6.8,-1.3,0.0,31.0
2018-02-15,5.7,-1.6,2.1,0.5,31.0
2018-02-16,4.2,-9.2,-2.5,4.0,31.0
2018-02-17,-0.9,-9.6,-5.3,0.0,32.0
2018-02-18,2.5,-4.3,-0.9,0.0,31.0
2018-02-19,5.6,-2.0,1.8,1.8,31.0
2018-02-20,3.3,0.8,2.1,15.3,31.0
2018-02-21,10.6,-1.9,4.4,2.6,31.0
2018-02-22,-1.9,-7.0,-4.5,0.0,31.0
2018-02-23,2.9,-7.5,-2.3,5.9,31.0
2018-02-24,3.6,-2.2,0.7,0.2,32.0
2018-02-25,4.4,-3.3,0.6,8.1,37.0
2018-02-26,5.2,0.6,2.9,0.0,37.0
2018-02-27,8.2,-1.6,3.3,0.0,31.0
2018-02-28,7.9,0.7,4.3,0.0,31.0
2018-03-01,1.9,-1.5,0.2,0.0,32.0
2018-03-02,1.2,-2.1,-0.5,1.0,44.0
2018-03-03,5.6,0.6,3.1,0.0,31.0
2018-03-04,2.7,-0.8,1.0,1.2,31.0
2018-03-05,2.2,-1.4,0.4,0.2,32.0
2018-03-06,2.0,-3.1,-0.6,0.0,32.0
2018-03-07,0.8,-1.5,-0.4,1.4,31.0
2018-03-08,-1.2,-2.3,-1.8,5.0,31.0
2018-03-09,2.0,-2.7,-0.4,1.4,31.0
2018-03-10,1.6,-4.1,-1.3,5.4,31.0
2018-03-11,1.9,-1.5,0.2,0.7,31.0
2018-03-12,3.8,-1.6,1.1,0.2,31.0
2018-03-13,2.2,-1.3,0.5,9.2,31.0
2018-03-14,0.7,-0.7,0.0,11.6,83.0
2018-03-15,3.2,-2.7,0.3,3.3,31.0
2018-03-16,-2.2,-7.4,-4.8,0.0,33.0
2018-03-17,-7.0,-12.0,-9.5,0.2,44.0
2018-03-18,-6.2,-15.1,-10.7,0.0,31.0
2018-03-19,-3.7,-12.5,-8.1,0.0,31.0
2018-03-20,-1.1,-9.8,-5.5,0.0,31.0
2018-03-21,1.8,-8.3,-3.3,0.0,31.0
2018-03-22,6.4,-2.4,2.0,0.0,35.0
2018-03-23,5.6,-2.2,1.7,0.0,31.0
2018-03-24,1.1,-4.7,-1.8,0.0,32.0
2018-03-25,3.5,-2.9,0.3,0.0,31.0
2018-03-26,5.6,-3.8,0.9,0.0,31.0
2018-03-27,7.5,-3.0,2.3,0.0,33.0
2018-03-28,6.4,1.5,4.0,1.4,31.0
2018-03-29,9.8,3.2,6.5,9.9,31.0
2018-03-30,8.7,0.8,4.8,3.1,31.0
2018-03-31,8.7,-1.7,3.5,0.0,32.0
2018-04-01,7.4,-1.1,3.2,1.0,33.0
2018-04-02,4.4,-2.2,1.1,0.0,31.0
2018-04-03,6.9,0.2,3.6,1.9,31.0
2018-04-04,7.2,-8.0,-0.4,31.0,50.0
2018-04-05,-3.1,-10.4,-6.8,0.0,37.0
2018-04-06,4.5,-4.8,-0.2,0.9,31.0
2018-04-07,3.3,-3.0,0.2,0.2,41.0
2018-04-08,1.9,-4.9,-1.5,0.0,31.0
2018-04-09,1.3,-7.3,-3.0,0.0,31.0
2018-04-10,4.6,-1.6,1.5,0.0,31.0
2018-04-11,7.3,-0.3,3.5,0.0,31.0
2018-04-12,9.6,2.1,5.9,7.2,31.0
2018-04-13,9.9,2.9,6.4,0.0,31.0
2018-04-14,6.6,-3.8,1.4,0.0,33.0
2018-04-15,0.1,-6.0,-3.0,0.9,37.0
2018-04-16,3.8,-1.1,1.4,13.2,37.0
2018-04-17,2.9,0.0,1.5,2.9,33.0
2018-04-18,7.1,0.0,3.6,1.5,33.0
2018-04-19,4.7,0.8,2.8,0.4,32.0
2018-04-20,8.6,0.8,4.7,0.0,35.0
2018-04-21,11.9,2.5,7.2,0.0,39.0
2018-04-22,14.2,3.6,8.9,0.0,31.0
2018-04-23,18.1,3.5,10.8,0.0,31.0
2018-04-24,22.0,8.9,15.5,0.0,33.0
2018-04-25,14.7,10.9,12.8,28.2,31.0
2018-04-26,11.7,7.4,9.6,9.4,31.0
2018-04-27,14.0,6.9,10.5,0.0,31.0
2018-04-28,15.0,8.0,11.5,0.0,31.0
2018-04-29,8.1,5.2,6.7,15.5,31.0
2018-04-30,9.8,6.5,8.2,9.6,37.0
2018-05-01,17.8,7.2,12.5,0.0,31.0
2018-05-02,26.2,15.3,20.8,0.0,39.0
2018-05-03,18.3,12.4,15.4,17.6,31.0
2018-05-04,18.7,8.5,13.6,9.4,56.0
2018-05-05,20.7,6.8,13.8,0.0,33.0
2018-05-06,18.2,9.4,13.8,0.0,33.0
2018-05-07,14.8,4.9,9.9,0.0,33.0
2018-05-08,21.5,8.4,13.8,0.0,31.0
2018-05-09,26.3,12.2,19.3,0.0,31.0
2018-05-10,22.1,7.1,14.6,0.0,39.0
2018-05-11,12.4,3.1,7.8,0.0,31.0
2018-05-12,17.1,5.7,11.4,0.0,31.0
2018-05-13,21.7,7.5,14.6,0.0,31.0
2018-05-14,24.7,12.4,18.6,0.0,33.0
2018-05-15,20.6,8.5,14.6,0.9,31.0
2018-05-16,22.9,4.7,13.8,0.0,31.0
2018-05-17,18.0,8.9,13.5,0.0,32.0
2018-05-18,16.4,6.3,11.4,0.0,31.0
2018-05-19,21.1,8.3,14.7,7.8,35.0
2018-05-20,20.5,12.2,16.4,8.7,31.0
2018-05-21,25.0,10.9,18.0,0.0,35.0
2018-05-22,22.1,13.2,17.7,1.9,31.0
2018-05-23,23.5,11.6,17.6,0.0,31.0
2018-05-24,22.9,12.1,17.5,0.0,31.0
2018-05-25,25.7,17.0,21.4,0.4,33.0
2018-05-26,23.4,13.9,18.7,5.2,31.0
2018-05-27,20.0,11.7,15.9,1.0,31.0
2018-05-28,21.5,13.6,17.6,0.6,31.0
2018-05-29,24.8,16.9,20.9,0.0,31.0
2018-05-30,29.9,13.1,21.5,0.0,31.0
2018-05-31,29.7,19.6,24.7,0.0,31.0
2018-06-01,30.5,18.3,24.4,0.8,39.0
2018-06-02,24.6,14.5,19.6,0.0,41.0
2018-06-03,25.5,10.9,18.2,3.8,32.0
2018-06-04,14.8,8.4,11.6,24.9,37.0
2018-06-05,16.1,10.3,13.2,2.1,31.0
2018-06-06,17.2,11.1,14.2,0.0,31.0
2018-06-07,21.3,13.0,17.2,0.0,33.0
2018-06-08,22.2,14.3,18.3,0.0,31.0
2018-06-09,22.7,14.3,18.5,0.0,33.0
2018-06-10,20.7,12.0,16.4,0.0,31.0
2018-06-11,23.1,11.4,17.3,0.0,31.0
2018-06-12,26.8,14.7,20.8,0.0,39.0
2018-06-13,25.8,17.1,21.5,4.0,31.0
2018-06-14,17.1,11.9,14.5,11.5,32.0
2018-06-15,25.4,11.1,18.3,0.2,41.0
2018-06-16,27.7,15.7,21.7,0.0,31.0
2018-06-17,29.2,18.6,23.9,0.0,31.0
2018-06-18,29.0,18.5,23.8,27.9,57.0
2018-06-19,24.3,13.7,19.0,0.0,35.0
2018-06-20,25.9,15.4,20.7,0.0,37.0
2018-06-21,21.1,12.7,16.9,0.0,32.0
2018-06-22,25.1,12.2,18.7,0.0,31.0
2018-06-23,21.9,14.8,18.4,1.9,31.0
2018-06-24,23.5,14.2,18.9,6.3,31.0
2018-06-25,22.1,12.4,17.3,0.0,35.0
2018-06-26,23.8,13.7,18.8,0.0,31.0
2018-06-27,26.8,16.8,21.8,2.0,31.0
2018-06-28,22.6,16.6,19.6,0.2,31.0
2018-06-29,30.9,19.5,25.2,0.0,31.0
2018-06-30,31.8,22.8,27.3,0.0,31.0
2018-07-01,34.6,24.9,29.8,0.0,31.0
2018-07-02,36.6,23.4,30.0,0.0,31.0
2018-07-03,33.2,24.0,28.6,0.0,31.0
2018-07-04,34.2,23.5,27.2,0.0,31.0
2018-07-05,34.8,25.0,29.9,0.0,31.0
2018-07-06,27.3,15.8,21.6,3.2,43.0
2018-07-07,27.9,14.8,21.4,0.0,31.0
2018-07-08,28.9,18.7,23.8,0.0,33.0
2018-07-09,31.7,20.6,26.2,0.0,37.0
2018-07-10,29.7,18.8,24.3,0.2,31.0
2018-07-11,26.5,15.3,20.9,0.0,31.0
2018-07-12,27.4,18.3,22.9,0.0,31.0
2018-07-13,29.5,18.2,23.9,0.0,31.0
2018-07-14,28.9,19.5,24.2,0.0,31.0
2018-07-15,31.0,21.5,26.3,0.0,31.0
2018-07-16,33.5,20.5,27.0,1.7,33.0
2018-07-17,29.7,17.9,23.8,27.0,48.0
2018-07-18,24.5,15.5,20.0,0.0,37.0
2018-07-19,27.2,17.2,22.2,0.0,48.0
2018-07-20,30.9,18.5,24.7,0.0,32.0
2018-07-21,31.4,21.2,26.3,0.0,39.0
2018-07-22,26.6,17.6,22.1,4.7,37.0
2018-07-23,29.2,21.6,25.4,0.0,48.0
2018-07-24,29.7,23.1,26.4,1.0,43.0
2018-07-25,26.9,21.4,24.2,38.8,37.0
2018-07-26,28.3,20.8,24.6,0.9,91.0
2018-07-27,28.9,20.1,24.5,0.2,43.0
2018-07-28,27.6,18.1,22.8,3.7,32.0
2018-07-29,25.9,18.1,22.0,0.0,39.0
2018-07-30,28.2,18.4,23.3,0.0,39.0
2018-07-31,29.4,20.7,25.1,0.0,32.0
2018-08-01,28.6,22.5,25.5,7.7,35.0
2018-08-02,27.9,22.0,24.9,0.0,48.0
2018-08-03,27.6,22.3,25.0,0.0,31.0
2018-08-04,27.2,20.9,24.0,0.4,32.0
2018-08-05,31.7,20.9,26.3,0.0,30.0
2018-08-06,32.5,22.6,27.5,1.1,35.0
2018-08-07,28.2,22.1,25.2,0.5,33.0
2018-08-08,27.8,20.6,24.2,4.3,31.0
2018-08-09,27.7,19.6,23.6,2.6,44.0
2018-08-10,26.0,16.5,21.3,0.0,32.0
2018-08-11,27.8,16.4,22.1,0.0,31.0
2018-08-12,29.4,18.1,23.8,0.9,31.0
2018-08-13,30.2,21.1,25.7,0.0,31.0
2018-08-14,29.5,21.2,25.4,5.2,39.0
2018-08-15,28.5,20.9,24.7,0.2,33.0
2018-08-16,25.4,17.1,21.2,0.0,31.0
2018-08-17,23.4,17.4,20.4,4.1,31.0
2018-08-18,25.2,17.2,21.2,0.0,35.0
2018-08-19,28.4,17.1,22.7,0.0,30.0
2018-08-20,28.5,16.7,22.6,0.2,31.0
2018-08-21,26.9,18.7,22.8,0.0,44.0
2018-08-22,22.5,15.3,18.9,2.6,37.0
2018-08-23,25.2,13.8,19.5,0.0,44.0
2018-08-24,28.8,18.7,23.7,0.0,33.0
2018-08-25,29.5,18.7,24.1,0.0,37.0
2018-08-26,25.1,19.1,22.1,8.5,35.0
2018-08-27,26.0,20.3,23.1,8.9,32.0
2018-08-28,30.9,21.9,26.4,5.7,35.0
2018-08-29,32.1,20.7,26.4,0.8,52.0
2018-08-30,21.3,14.2,17.7,0.0,37.0
2018-08-31,24.6,11.7,18.1,0.0,32.0
2018-09-01,26.5,19.5,23.0,0.4,32.0
2018-09-02,25.0,19.6,22.3,9.0,31.0
2018-09-03,30.2,22.4,26.3,5.9,37.0
2018-09-04,26.4,19.6,23.0,0.0,31.0
2018-09-05,32.2,18.4,25.3,0.5,48.0
2018-09-06,27.1,16.7,21.9,0.0,32.0
2018-09-07,22.4,13.9,18.1,0.0,32.0
2018-09-08,17.5,10.4,13.9,0.0,31.0
2018-09-09,16.8,8.0,12.4,0.0,39.0
2018-09-10,17.8,9.0,13.4,13.7,43.0
2018-09-11,19.6,12.8,16.2,11.5,31.0
2018-09-12,24.0,17.1,20.5,0.0,31.0
2018-09-13,26.4,15.8,21.1,0.0,31.0
2018-09-14,28.4,16.9,22.7,0.0,31.0
2018-09-15,29.4,18.6,24.0,0.0,31.0
2018-09-16,26.9,20.5,23.7,0.2,30.0
2018-09-17,29.2,21.1,25.2,0.0,41.0
2018-09-18,25.9,10.8,18.4,0.0,46.0
2018-09-19,15.7,10.5,13.1,0.0,30.0
2018-09-20,16.7,9.7,13.2,0.0,31.0
2018-09-21,22.2,14.5,18.3,36.3,37.0
2018-09-22,18.7,9.2,13.9,0.2,34.0
2018-09-23,17.0,7.9,12.5,0.0,32.0
2018-09-24,14.3,4.7,9.5,0.0,37.0
2018-09-25,16.0,10.5,13.3,7.5,35.0
2018-09-26,21.9,12.3,17.1,8.5,54.0
2018-09-27,17.7,8.8,13.3,0.2,31.0
2018-09-28,20.9,12.1,16.5,0.0,44.0
2018-09-29,16.5,9.5,13.0,1.2,33.0
2018-09-30,11.8,8.0,9.9,0.7,33.0
2018-10-01,14.3,7.6,10.9,0.4,31.0
2018-10-02,10.6,7.4,9.0,10.3,37.0
2018-10-03,11.9,8.8,10.3,0.0,30.0
2018-10-04,23.2,7.3,15.2,1.5,44.0
2018-10-05,10.4,4.6,7.5,0.4,32.0
2018-10-06,11.3,6.0,8.7,0.0,37.0
2018-10-07,10.2,6.2,8.2,0.0,37.0
2018-10-08,10.8,6.1,8.5,20.0,35.0
2018-10-09,27.0,9.0,18.0,6.8,44.0
2018-10-10,21.9,8.0,14.9,5.7,32.0
2018-10-11,10.1,7.4,8.7,8.1,37.0
2018-10-12,10.7,6.2,8.5,0.3,54.0
2018-10-13,8.0,4.5,6.3,0.0,44.0
2018-10-14,12.4,3.8,8.1,0.3,39.0
2018-10-15,13.2,5.2,9.2,5.4,82.0
2018-10-16,8.4,3.5,6.0,0.0,32.0
2018-10-17,9.9,0.7,5.3,0.0,63.0
2018-10-18,5.0,-0.8,2.1,0.0,31.0
2018-10-19,15.7,4.9,10.3,0.0,40.0
2018-10-20,13.1,2.9,8.0,0.0,40.0
2018-10-21,4.8,0.3,2.5,0.0,32.0
2018-10-22,6.6,-0.6,3.0,0.0,31.0
2018-10-23,9.4,1.5,5.5,0.0,41.0
2018-10-24,8.1,1.2,4.7,1.8,39.0
2018-10-25,3.3,-0.2,1.5,0.0,41.0
2018-10-26,5.5,-2.2,1.6,0.0,37.0
2018-10-27,5.5,-1.5,2.0,11.2,36.0
2018-10-28,4.7,0.6,2.6,7.7,35.0
2018-10-29,6.6,2.4,4.5,1.4,33.0
2018-10-30,4.4,0.7,2.5,0.0,39.0
2018-10-31,5.3,1.4,3.4,8.4,33.0
2018-11-01,7.5,3.8,5.7,8.6,33.0
2018-11-02,5.1,3.1,4.1,7.9,40.0
2018-11-03,4.9,2.4,3.7,14.5,36.0
2018-11-04,6.7,2.1,4.4,0.0,41.0
2018-11-05,6.1,0.9,3.5,8.1,35.0
2018-11-06,11.2,5.3,8.3,5.0,37.0
2018-11-07,12.3,6.3,9.3,0.0,50.0
2018-11-08,9.1,3.0,6.0,0.0,31.0
2018-11-09,3.2,0.6,1.9,15.8,35.0
2018-11-10,4.8,-2.1,1.3,5.2,38.0
2018-11-11,0.3,-3.8,-1.8,0.0,32.0
2018-11-12,3.8,-2.5,0.6,0.0,0.0
2018-11-13,2.8,-8.3,-2.8,7.8,36.0
2018-11-14,-6.7,-10.8,-8.8,0.0,35.0
2018-11-15,-4.1,-9.9,-7.0,0.0,0.0
2018-11-16,-2.0,-4.6,-3.3,11.5,11.5
2018-11-17,2.6,-6.1,-1.7,0.2,33.0
2018-11-18,-1.9,-8.9,-5.4,0.0,0.0
2018-11-19,1.3,-3.9,-1.3,1.4,33.0
2018-11-20,-3.9,-7.5,-5.7,4.2,33.0
2018-11-21,-2.8,-16.3,-9.5,2.5,34.0
2018-11-22,-9.7,-16.9,-13.3,0.0,48.0
2018-11-23,-3.4,-13.3,-8.4,0.0,32.0
2018-11-24,2.8,-5.4,-1.3,0.5,32.0
2018-11-25,4.0,-0.6,1.7,20.5,20.5
2018-11-26,3.9,0.7,2.3,2.4,41.0
2018-11-27,1.0,-0.4,0.3,10.5,38.0
2018-11-28,2.2,0.5,1.4,6.5,37.0
2018-11-29,2.7,0.7,1.7,0.0,33.0
2018-11-30,0.7,-0.4,0.2,0.0,0.0
2018-12-01,0.2,-0.9,-0.3,0.0,33.0
2018-12-02,4.9,-1.2,1.9,17.6,32.0
2018-12-03,4.4,-2.5,0.9,8.9,34.0
2018-12-04,-2.5,-6.5,-4.5,0.0,41.0
2018-12-05,-4.0,-8.0,-6.0,0.6,0.6
2018-12-06,0.5,-4.3,-1.9,1.3,39.0
2018-12-07,-1.4,-14.6,-8.0,0.0,41.0
2018-12-08,-8.3,-15.3,-11.8,0.2,0.2
2018-12-09,-0.2,-10.9,-5.6,0.2,50.0
2018-12-10,-3.8,-9.6,-6.7,0.0,0.0
2018-12-11,-5.9,-9.6,-7.8,1.6,1.6
2018-12-12,-8.1,-12.8,-10.5,0.2,32.0
2018-12-13,-7.3,-15.9,-11.6,0.0,0.0
2018-12-14,3.6,-7.4,-1.9,7.4,35.0
2018-12-15,4.8,0.7,2.7,0.0,37.0
2018-12-16,1.3,-1.3,0.0,0.0,32.0
2018-12-17,1.5,-7.5,-3.0,0.9,34.0
2018-12-18,-4.6,-8.7,-6.6,0.0,36.0
2018-12-19,-1.0,-9.1,-5.1,0.0,0.0
2018-12-20,5.0,-4.2,0.4,3.5,3.5
2018-12-21,5.9,0.4,3.1,39.8,39.0
2018-12-22,9.9,-5.7,2.1,3.9,36.0
2018-12-23,-5.7,-9.7,-7.7,0.2,42.0
2018-12-24,-6.8,-9.5,-8.1,0.0,0.0
2018-12-25,-8.2,-13.1,-10.6,0.2,0.2
2018-12-26,-4.6,-11.0,-7.8,0.0,32.0
2018-12-27,-8.6,-13.4,-11.0,0.0,35.0
2018-12-28,5.9,-9.3,-1.7,19.4,37.0
2018-12-29,7.3,-11.4,-2.1,1.1,39.0
2018-12-30,-5.9,-12.3,-9.1,0.0,0.0
2018-12-31,1.4,-8.0,-3.3,3.0,41.0
2019-01-01,2.3,-11.7,-4.7,19.7,37.0
2019-01-02,-9.1,-14.9,-12.0,0.2,0.2
2019-01-03,-3.0,-13.8,-8.4,2.9,32.0
2019-01-04,2.9,-3.0,0.0,3.7,48.0
2019-01-05,2.4,1.0,1.7,0.0,0.0
2019-01-06,1.6,-12.0,-5.2,0.9,42.0
2019-01-07,-9.8,-14.3,-12.1,4.0,39.0
2019-01-08,1.7,-9.9,-4.1,8.2,31.0
2019-01-09,0.7,-2.9,-1.1,1.3,39.0
2019-01-10,-2.8,-13.1,-7.9,1.6,34.0
2019-01-11,-12.7,-18.6,-15.6,0.4,31.0
2019-01-12,-13.0,-17.8,-15.4,0.0,37.0
2019-01-13,-10.8,-16.8,-13.8,0.2,0.2
2019-01-14,-7.5,-14.7,-11.1,0.0,0.0
2019-01-15,-1.8,-7.6,-4.7,0.0,0.0
2019-01-16,1.2,-17.7,-8.2,0.9,38.0
2019-01-17,-13.5,-20.5,-17.0,0.4,0.4
2019-01-18,-7.6,-15.7,-11.6,1.0,39.0
2019-01-19,-14.2,-23.9,-19.0,1.9,31.0
2019-01-20,-16.2,-20.9,-18.6,10.0,55.0
2019-01-21,-16.4,-21.2,-18.8,2.1,54.0
2019-01-22,-9.5,-22.3,-15.9,0.2,36.0
2019-01-23,1.5,-12.0,-5.3,21.5,54.0
2019-01-24,3.7,-6.0,-1.1,20.1,55.0
2019-01-25,-1.5,-11.0,-6.2,0.4,32.0
2019-01-26,-10.8,-13.5,-12.1,0.7,0.7
2019-01-27,-1.1,-13.7,-7.4,0.0,42.0
2019-01-28,-12.0,-20.1,-16.1,0.0,45.0
2019-01-29,-4.3,-18.1,-11.2,8.0,50.0
2019-01-30,-7.6,-16.9,-12.3,0.2,78.0
2019-01-31,-13.8,-17.3,-15.6,0.0,36.0
2019-02-01,-12.0,-17.0,-14.5,0.0,48.0
2019-02-02,-6.5,-14.5,-10.5,3.7,39.0
2019-02-03,-8.2,-14.0,-11.1,1.6,37.0
2019-02-04,-2.6,-10.7,-6.7,1.3,1.3
2019-02-05,6.5,-9.0,-1.3,8.7,71.0
2019-02-06,-6.1,-11.6,-8.8,3.7,45.0
2019-02-07,2.1,-6.7,-2.3,0.5,39.0
2019-02-08,6.6,-9.0,-1.2,2.8,46.0
2019-02-09,-6.5,-11.8,-9.2,0.0,38.0
2019-02-10,-6.4,-13.1,-9.7,0.0,45.0
2019-02-11,-8.1,-14.3,-11.2,0.0,33.0
2019-02-12,-5.5,-17.1,-11.3,15.4,46.0
2019-02-13,0.3,-7.4,-3.6,16.9,100.0
2019-02-14,-4.0,-8.2,-6.1,0.0,54.0
2019-02-15,3.8,-6.7,-1.5,2.4,36.0
2019-02-16,-1.8,-11.0,-6.4,0.0,50.0
2019-02-17,-8.4,-13.8,-11.1,0.0,0.0
2019-02-18,-8.0,-14.1,-11.1,0.0,31.0
2019-02-19,-9.4,-16.6,-13.0,0.0,42.0
2019-02-20,-4.7,-14.7,-9.7,1.5,1.5
2019-02-21,3.0,-7.5,-2.2,8.9,48.0
2019-02-22,0.0,-6.0,-3.0,0.0,37.0
2019-02-23,0.8,-7.3,-3.3,0.0,0.0
2019-02-24,3.9,-2.6,0.6,16.4,38.0
2019-02-25,1.6,-12.5,-5.5,0.2,44.0
2019-02-26,-12.4,-17.5,-15.0,0.2,33.0
2019-02-27,-13.1,-19.0,-16.0,0.0,0.0
2019-02-28,-7.3,-16.8,-12.1,0.0,32.0
2019-03-01,-2.2,-13.5,-7.9,0.0,0.0
2019-03-02,-1.9,-10.6,-6.2,0.0,0.0
2019-03-03,-0.9,-5.9,-3.4,0.3,33.0
2019-03-04,-1.0,-10.0,-5.5,0.2,55.0
2019-03-05,-7.3,-13.5,-10.4,0.2,33.0
2019-03-06,-8.0,-14.3,-11.2,0.2,46.0
2019-03-07,-8.0,-15.5,-11.8,0.0,46.0
2019-03-08,-1.5,-11.9,-6.7,0.0,33.0
2019-03-09,-1.4,-8.3,-4.9,0.0,33.0
2019-03-10,2.2,-7.8,-2.8,25.9,31.0
2019-03-11,3.4,-2.6,0.4,0.9,36.0
2019-03-12,-1.1,-5.8,-3.5,0.0,48.0
2019-03-13,2.1,-4.7,-1.3,1.3,32.0
2019-03-14,8.1,-0.7,3.7,0.0,48.0
2019-03-15,10.9,3.5,7.2,4.0,42.0
2019-03-16,3.5,-4.8,-0.6,0.2,34.0
2019-03-17,-2.2,-7.8,-5.0,0.0,59.0
2019-03-18,-0.9,-8.3,-4.6,0.0,46.0
2019-03-19,0.8,-8.4,-3.8,0.0,39.0
2019-03-20,7.8,-3.2,2.3,0.0,0.0
2019-03-21,7.1,2.5,4.8,9.2,41.0
2019-03-22,3.4,1.3,2.3,16.8,45.0
2019-03-23,1.4,-5.2,-1.9,2.3,38.0
2019-03-24,4.0,-4.0,0.0,0.5,48.0
2019-03-25,-0.5,-7.2,-3.9,0.0,44.0
2019-03-26,0.0,-7.1,-3.6,0.0,50.0
2019-03-27,6.3,-3.8,1.2,0.0,32.0
2019-03-28,6.9,1.3,4.1,1.0,39.0
2019-03-29,7.6,0.1,3.8,2.0,41.0
2019-03-30,1.7,-1.2,0.2,7.1,39.0
2019-03-31,2.4,-1.6,0.4,6.3,48.0
2019-04-01,1.7,-6.3,-2.3,0.0,31.0
2019-04-02,8.8,-1.8,3.5,0.0,35.0
2019-04-03,9.4,-0.5,4.4,0.0,43.0
2019-04-04,1.8,-3.1,-0.6,0.0,36.0
2019-04-05,4.2,-4.6,-0.2,3.5,33.0
2019-04-06,7.4,0.9,4.2,2.2,37.0
2019-04-07,10.4,2.0,6.2,0.5,46.0
2019-04-08,2.1,-2.4,-0.2,18.1,32.0
2019-04-09,-0.4,-2.7,-1.6,10.6,33.0
2019-04-10,4.2,-2.6,0.8,0.3,42.0
2019-04-11,6.7,-1.7,2.5,0.0,32.0
2019-04-12,13.3,2.9,8.1,0.0,46.0
2019-04-13,16.9,4.9,10.9,0.0,40.0
2019-04-14,9.2,2.3,5.7,6.0,55.0
2019-04-15,5.4,2.4,3.9,2.8,31.0
2019-04-16,8.9,1.8,5.4,0.0,46.0
2019-04-17,13.8,4.0,8.9,0.0,0.0
2019-04-18,14.6,7.1,10.8,0.8,38.0
2019-04-19,13.2,4.3,8.8,32.7,38.0
2019-04-20,6.6,4.2,5.4,12.3,45.0
2019-04-21,17.3,5.6,11.4,0.0,37.0
2019-04-22,17.9,8.5,13.2,0.0,33.0
2019-04-23,16.7,6.3,11.5,3.1,48.0
2019-04-24,7.9,4.8,6.4,8.0,31.0
2019-04-25,11.0,4.5,7.7,0.2,0.2
2019-04-26,10.7,4.9,7.8,22.8,52.0
2019-04-27,8.1,2.7,5.4,14.3,39.0
2019-04-28,9.6,1.6,5.6,0.0,37.0
2019-04-29,9.6,1.5,5.6,0.0,32.0
2019-04-30,13.8,5.6,9.7,0.0,37.0
2019-05-01,8.0,2.2,5.1,9.8,55.0
2019-05-02,9.5,2.3,5.9,0.7,31.0
2019-05-03,9.5,7.5,8.5,3.4,3.4
2019-05-04,16.4,8.5,12.4,0.2,0.2
2019-05-05,20.0,7.4,13.7,0.0,33.0
2019-05-06,23.2,11.4,17.3,0.0,37.0
2019-05-07,17.8,4.5,11.2,0.3,36.0
2019-05-08,13.6,2.5,8.1,0.0,32.0
2019-05-09,16.5,3.6,10.1,15.6,32.0
2019-05-10,17.1,8.4,12.8,31.9,61.0
2019-05-11,13.4,5.9,9.7,0.2,31.0
2019-05-12,16.5,7.8,12.1,0.0,41.0
2019-05-13,16.0,6.8,11.4,3.4,39.0
2019-05-14,8.3,5.4,6.8,7.7,42.0
2019-05-15,15.2,6.5,10.9,0.2,35.0
2019-05-16,16.8,7.4,12.1,0.0,32.0
2019-05-17,15.3,9.4,12.4,0.5,41.0
2019-05-18,15.1,8.4,11.7,0.0,32.0
2019-05-19,17.7,10.0,13.8,10.9,37.0
2019-05-20,23.0,9.8,16.4,0.2,39.0
2019-05-21,16.3,7.7,12.0,0.0,49.0
2019-05-22,19.7,9.0,14.3,0.0,34.0
2019-05-23,21.0,11.9,16.5,17.2,54.0
2019-05-24,17.2,11.3,14.3,1.1,41.0
2019-05-25,21.3,12.6,16.9,0.0,37.0
2019-05-26,24.5,14.1,19.3,0.3,31.0
2019-05-27,16.9,10.0,13.4,0.0,41.0
2019-05-28,12.7,9.6,11.2,0.3,0.3
2019-05-29,16.3,8.9,12.6,0.0,0.0
2019-05-30,23.0,11.9,17.4,0.9,34.0
2019-05-31,15.5,8.5,12.0,0.0,33.0
2019-06-01,19.3,10.9,15.1,1.0,1.0
2019-06-02,18.3,11.8,15.1,8.4,37.0
2019-06-03,13.0,9.3,11.1,0.0,34.0
2019-06-04,17.9,7.6,12.7,0.0,34.0
2019-06-05,19.3,10.0,14.7,0.0,33.0
2019-06-06,23.7,13.4,18.6,0.0,37.0
2019-06-07,26.2,12.8,19.5,0.0,33.0
2019-06-08,23.7,12.7,18.2,0.0,0.0
2019-06-09,29.8,15.8,22.8,0.0,32.0
2019-06-10,30.2,16.9,23.5,3.6,35.0
2019-06-11,19.2,13.5,16.3,20.0,35.0
2019-06-12,24.3,12.3,18.3,0.0,34.0
2019-06-13,20.1,13.1,16.6,1.7,34.0
2019-06-14,17.0,13.2,15.1,9.8,55.0
2019-06-15,21.2,14.1,17.6,10.0,34.0
2019-06-16,20.5,13.2,16.9,0.0,0.0
2019-06-17,23.5,13.3,18.4,0.0,35.0
2019-06-18,26.4,15.1,20.8,0.0,32.0
2019-06-19,28.1,17.5,22.8,0.0,39.0
2019-06-20,18.1,15.6,16.9,15.3,46.0
2019-06-21,25.0,15.3,20.1,0.0,34.0
2019-06-22,26.4,16.6,21.5,0.0,38.0
2019-06-23,27.7,18.5,23.1,0.0,38.0
2019-06-24,26.2,16.2,21.2,0.0,0.0
2019-06-25,24.4,16.1,20.3,15.3,33.0
2019-06-26,28.0,17.8,22.9,0.0,42.0
2019-06-27,28.9,19.1,24.0,0.0,34.0
2019-06-28,30.1,19.1,24.6,0.0,59.0
2019-06-29,28.2,17.5,22.9,3.1,102.0
2019-06-30,23.6,15.7,19.6,12.5,48.0
2019-07-01,27.1,18.0,22.6,0.0,37.0
2019-07-02,29.9,19.6,24.7,0.0,45.0
2019-07-03,31.4,20.6,26.0,0.0,0.0
2019-07-04,32.9,20.8,26.9,0.0,0.0
2019-07-05,30.0,22.1,26.0,0.3,55.0
2019-07-06,29.6,18.1,23.9,1.0,34.0
2019-07-07,25.4,15.8,20.6,0.0,33.0
2019-07-08,27.7,16.2,21.9,0.0,35.0
2019-07-09,30.3,18.7,24.5,0.0,41.0
2019-07-10,31.1,20.7,25.9,0.0,0.0
2019-07-11,28.4,18.8,23.6,37.7,50.0
2019-07-12,25.9,19.6,22.8,0.0,39.0
2019-07-13,27.4,17.3,22.3,2.2,89.0
2019-07-14,24.5,18.1,21.3,1.2,46.0
2019-07-15,27.3,17.6,22.4,0.0,37.0
2019-07-16,28.6,18.5,23.6,0.0,48.0
2019-07-17,28.9,20.0,24.4,0.0,39.0
2019-07-18,27.7,16.4,22.0,0.0,37.0
2019-07-19,31.4,21.5,26.5,1.3,31.0
2019-07-20,33.1,23.3,28.2,0.0,48.0
2019-07-21,30.0,20.6,25.3,0.0,36.0
2019-07-22,23.5,18.2,20.8,0.0,0.0
2019-07-23,26.1,17.4,21.8,0.0,39.0
2019-07-24,24.3,15.6,20.0,0.0,35.0
2019-07-25,28.2,15.9,22.0,0.0,32.0
2019-07-26,31.0,19.2,25.1,0.0,32.0
2019-07-27,31.6,21.6,26.6,0.0,42.0
2019-07-28,29.7,22.2,25.9,0.0,45.0
2019-07-29,31.0,22.0,26.5,0.0,33.0
2019-07-30,31.2,23.7,27.4,0.0,34.0
2019-07-31,30.4,20.4,25.4,0.0,41.0
2019-08-01,27.7,18.5,23.1,0.0,37.0
2019-08-02,29.2,19.4,24.3,0.0,37.0
2019-08-03,27.8,18.8,23.3,0.0,39.0
2019-08-04,24.3,15.0,19.7,0.0,39.0
2019-08-05,27.3,14.7,21.0,0.0,37.0
2019-08-06,30.7,17.9,24.3,0.0,37.0
2019-08-07,24.7,21.8,23.2,0.2,0.2
2019-08-08,28.5,19.5,24.0,5.4,36.0
2019-08-09,25.4,15.4,20.4,8.5,45.0
2019-08-10,21.2,14.5,17.9,0.2,41.0
2019-08-11,26.3,15.0,20.7,0.0,52.0
2019-08-12,27.0,17.9,22.5,2.0,39.0
2019-08-13,26.8,17.4,22.1,0.0,33.0
2019-08-14,24.2,15.1,19.7,0.0,35.0
2019-08-15,24.3,13.9,19.1,0.6,32.0
2019-08-16,26.3,14.9,20.6,2.0,2.0
2019-08-17,27.6,18.6,23.1,19.3,32.0
2019-08-18,27.3,20.4,23.8,0.0,0.0
2019-08-19,28.9,20.3,24.6,0.0,33.0
2019-08-20,28.2,18.3,23.2,0.0,37.0
2019-08-21,24.3,19.5,21.9,3.7,3.7
2019-08-22,26.4,17.0,21.7,0.0,39.0
2019-08-23,22.6,15.0,18.8,0.0,41.0
2019-08-24,22.2,14.5,18.4,0.0,0.0
2019-08-25,24.9,13.4,19.2,0.0,0.0
2019-08-26,26.5,14.6,20.5,0.0,37.0
2019-08-27,25.7,15.8,20.7,0.0,33.0
2019-08-28,21.1,18.4,19.7,15.7,15.7
2019-08-29,24.3,17.4,20.9,0.0,41.0
2019-08-30,24.1,15.5,19.8,6.9,55.0
2019-08-31,21.6,13.8,17.7,0.0,35.0
2019-09-01,22.7,11.7,17.2,4.3,33.0
2019-09-02,20.8,13.9,17.4,32.0,39.0
2019-09-03,19.7,12.7,16.2,0.0,33.0
2019-09-04,23.4,14.2,18.8,22.7,34.0
2019-09-05,20.6,12.2,16.4,0.0,37.0
2019-09-06,22.2,13.0,17.6,0.0,42.0
2019-09-07,19.8,12.6,16.2,10.7,33.0
2019-09-08,18.3,10.9,14.6,0.0,37.0
2019-09-09,17.9,10.1,14.0,0.0,0.0
2019-09-10,18.9,9.3,14.1,3.0,3.0
2019-09-11,26.2,13.7,19.9,2.2,46.0
2019-09-12,19.7,11.8,15.7,0.0,33.0
2019-09-13,20.6,9.4,15.0,0.0,32.0
2019-09-14,23.0,13.4,18.2,7.4,43.0
2019-09-15,17.4,12.1,14.7,0.0,41.0
2019-09-16,21.3,11.6,16.5,0.0,33.0
2019-09-17,18.9,11.3,15.1,0.0,0.0
2019-09-18,18.3,9.9,14.1,0.0,32.0
2019-09-19,21.7,8.3,15.0,0.0,0.0
2019-09-20,24.4,13.6,19.0,0.0,32.0
2019-09-21,26.4,15.6,21.0,0.4,0.4
2019-09-22,26.2,17.5,21.8,0.0,46.0
2019-09-23,25.3,16.0,20.6,3.4,46.0
2019-09-24,16.4,11.8,14.1,1.2,32.0
2019-09-25,19.7,11.1,15.4,0.6,33.0
2019-09-26,18.1,11.5,14.8,11.4,64.0
2019-09-27,19.6,10.5,15.1,0.0,32.0
2019-09-28,18.1,12.3,15.2,5.4,32.0
2019-09-29,14.1,7.9,11.0,0.2,32.0
2019-09-30,13.5,6.0,9.7,4.5,32.0
2019-10-01,17.6,8.7,13.1,49.9,85.0
2019-10-02,17.3,5.8,11.6,0.0,39.0
2019-10-03,10.3,3.9,7.1,4.9,35.0
2019-10-04,10.9,5.1,8.0,0.5,41.0
2019-10-05,12.6,3.8,8.2,0.0,0.0
2019-10-06,16.3,6.6,11.5,0.0,39.0
2019-10-07,16.7,11.6,14.2,10.7,42.0
2019-10-08,16.9,8.4,12.7,0.3,0.3
2019-10-09,16.1,6.4,11.3,0.0,32.0
2019-10-10,18.2,7.8,13.0,0.0,37.0
2019-10-11,19.5,7.5,13.5,0.0,37.0
2019-10-12,18.0,8.3,13.2,0.2,45.0
2019-10-13,15.8,6.8,11.3,0.3,35.0
2019-10-14,14.8,6.9,10.8,0.0,35.0
2019-10-15,13.4,5.3,9.3,0.0,31.0
2019-10-16,16.3,8.0,12.2,13.0,61.0
2019-10-17,9.2,6.6,7.9,64.8,56.0
2019-10-18,8.9,4.9,6.9,0.0,45.0
2019-10-19,11.1,3.0,7.0,0.0,33.0
2019-10-20,11.7,2.8,7.3,0.0,0.0
2019-10-21,15.4,4.2,9.8,0.0,0.0
2019-10-22,16.5,8.3,12.4,19.1,58.0
2019-10-23,15.2,10.2,12.7,6.6,65.0
2019-10-24,13.5,7.5,10.5,0.0,50.0
2019-10-25,9.4,4.9,7.2,0.0,0.0
2019-10-26,11.9,4.9,8.4,0.0,0.0
2019-10-27,9.8,6.3,8.0,44.4,31.0
2019-10-28,12.3,8.7,10.5,0.7,0.7
2019-10-29,16.8,9.8,13.3,0.0,32.0
2019-10-30,15.7,8.8,12.3,0.0,37.0
2019-10-31,16.0,7.4,11.7,58.8,34.0
2019-11-01,10.7,2.1,6.4,4.2,58.0
2019-11-02,6.2,0.7,3.5,0.0,0.0
2019-11-03,7.3,3.0,5.2,0.0,45.0
2019-11-04,8.8,1.9,5.4,0.0,42.0
2019-11-05,8.8,4.0,6.4,7.7,54.0
2019-11-06,4.7,1.0,2.9,1.4,31.0
2019-11-07,1.3,-2.3,-0.5,9.1,9.1
2019-11-08,-0.2,-4.8,-2.5,0.5,46.0
2019-11-09,1.8,-4.9,-1.6,0.0,41.0
2019-11-10,6.3,-1.7,2.3,0.0,46.0
2019-11-11,-1.7,-7.1,-4.4,8.8,32.0
2019-11-12,-4.4,-11.1,-7.8,7.5,33.0
2019-11-13,-6.5,-12.8,-9.7,0.0,52.0
2019-11-14,0.8,-9.2,-4.2,0.2,41.0
2019-11-15,2.7,-9.6,-3.5,1.2,37.0
2019-11-16,-5.2,-12.1,-8.6,0.2,0.2
2019-11-17,-3.4,-9.9,-6.6,0.0,0.0
2019-11-18,-1.1,-7.9,-4.5,0.0,0.0
2019-11-19,0.4,-1.8,-0.7,1.9,1.9
2019-11-20,2.0,-0.7,0.6,2.2,2.2
2019-11-21,3.6,-1.6,1.0,2.3,37.0
2019-11-22,6.8,-4.4,1.2,4.1,33.0
2019-11-23,2.6,-6.2,-1.8,0.2,46.0
2019-11-24,1.9,-1.8,0.0,0.0,0.0
2019-11-25,5.3,0.7,3.0,0.0,37.0
2019-11-26,9.7,3.9,6.8,0.0,32.0
2019-11-27,5.2,0.8,3.0,14.5,50.0
2019-11-28,0.8,-1.9,-0.6,2.1,41.0
2019-11-29,-1.3,-8.4,-4.9,0.0,32.0
2019-11-30,-5.3,-10.4,-7.9,0.2,0.2
2019-12-01,-6.5,-10.9,-8.7,0.0,42.0
2019-12-02,-2.7,-7.0,-4.9,0.0,35.0
2019-12-03,1.3,-5.6,-2.1,0.0,35.0
2019-12-04,0.6,-3.9,-1.7,3.5,3.5
2019-12-05,0.6,-5.0,-2.2,2.9,50.0
2019-12-06,-3.6,-7.0,-5.3,0.7,39.0
2019-12-07,-4.5,-9.5,-7.0,0.2,32.0
2019-12-08,0.8,-9.1,-4.2,0.0,50.0
2019-12-09,6.7,0.1,3.4,9.7,35.0
2019-12-10,9.9,-8.2,0.8,0.2,36.0
2019-12-11,-2.4,-10.4,-6.4,1.9,67.0
2019-12-12,-3.2,-9.8,-6.5,0.0,42.0
2019-12-13,3.9,-3.2,0.4,3.2,32.0
2019-12-14,3.3,0.9,2.1,14.4,37.0
2019-12-15,1.0,-9.9,-4.4,1.0,35.0
2019-12-16,-3.7,-11.3,-7.5,0.2,46.0
2019-12-17,-1.3,-3.8,-2.5,1.2,1.2
2019-12-18,-2.5,-17.9,-10.2,3.0,59.0
2019-12-19,-14.5,-20.2,-17.3,0.4,37.0
2019-12-20,-10.8,-16.0,-13.4,0.0,0.0
2019-12-21,-8.7,-13.3,-11.0,0.0,0.0
2019-12-22,4.1,-9.3,-2.6,0.0,33.0
2019-12-23,7.4,-0.1,3.7,0.0,33.0
2019-12-24,1.1,-3.9,-1.4,0.2,41.0
2019-12-25,-3.6,-6.9,-5.3,0.0,39.0
2019-12-26,-4.6,-9.4,-7.0,0.2,41.0
2019-12-27,3.5,-4.8,-0.6,7.2,41.0
2019-12-28,4.2,-0.2,2.0,0.2,46.0
2019-12-29,0.8,-2.9,-1.1,0.0,31.0
2019-12-30,-1.3,-4.1,-2.7,16.0,36.0
2019-12-31,1.1,-2.1,-0.5,11.3,33.0
